-- phpMyAdmin SQL Dump
-- version 5.2.1
-- https://www.phpmyadmin.net/
--
-- Servidor: 127.0.0.1
-- Tiempo de generación: 20-01-2026 a las 15:19:57
-- Versión del servidor: 10.4.32-MariaDB
-- Versión de PHP: 8.2.12

SET SQL_MODE = "NO_AUTO_VALUE_ON_ZERO";
START TRANSACTION;
SET time_zone = "+00:00";


/*!40101 SET @OLD_CHARACTER_SET_CLIENT=@@CHARACTER_SET_CLIENT */;
/*!40101 SET @OLD_CHARACTER_SET_RESULTS=@@CHARACTER_SET_RESULTS */;
/*!40101 SET @OLD_COLLATION_CONNECTION=@@COLLATION_CONNECTION */;
/*!40101 SET NAMES utf8mb4 */;

--
-- Base de datos: `sistema_ayudas`
--

-- --------------------------------------------------------

--
-- Estructura de tabla para la tabla `categorias`
--

CREATE TABLE `categorias` (
  `id` int(11) NOT NULL,
  `nombre` varchar(50) NOT NULL
) ENGINE=InnoDB DEFAULT CHARSET=utf8mb4 COLLATE=utf8mb4_general_ci;

--
-- Volcado de datos para la tabla `categorias`
--

INSERT INTO `categorias` (`id`, `nombre`) VALUES
(2, 'Calidad'),
(5, 'Ingenieria'),
(4, 'Mantenimiento'),
(1, 'Producción'),
(3, 'Seguridad');

-- --------------------------------------------------------

--
-- Estructura de tabla para la tabla `clientes`
--

CREATE TABLE `clientes` (
  `id` int(11) NOT NULL,
  `nombre` varchar(100) NOT NULL,
  `estatus` int(11) NOT NULL DEFAULT 1
) ENGINE=InnoDB DEFAULT CHARSET=utf8mb4 COLLATE=utf8mb4_general_ci;

--
-- Volcado de datos para la tabla `clientes`
--

INSERT INTO `clientes` (`id`, `nombre`, `estatus`) VALUES
(1, 'PHILLIPS', 1),
(2, 'WATERS CORPORATION', 1),
(3, 'ADVANCED INSTRUMENTS, INC.', 1),
(4, 'AGILENT TECHNOLOGIES', 0),
(5, 'JABIL CIRCUIT SDN BHD', 1),
(6, 'FLEXTRONICS AMERICA LLC', 1),
(7, 'PLEXUS CORP. (57117)', 1),
(8, 'ANALOGIC CORPORATION', 1),
(9, 'APPLIED MATERIALS, INC', 0),
(10, 'DUCOMMUN LABARGE TECHNOLOGIES', 1),
(11, 'Atlas Wire, LLC', 1),
(12, 'BENU NETWORKS', 0),
(13, 'BRUKER', 1),
(14, 'BRUKER DALTONIK GmbH', 1),
(15, 'CAMBRIDGE TECH INC.', 1),
(16, 'VELOCITY MANUFACTURING, INC', 1),
(17, 'ADVANTEC COMPUTER SYSTEMS LLC', 1),
(18, 'CANDELA CORPORATION', 1),
(19, 'COOPER CROUSE-HINDS, LLC', 1),
(20, 'COPPER-BURTON, INC.', 1),
(21, 'CORTRON, INC.', 1),
(22, 'DRAEGER MEDICAL SYSTEMS', 1),
(23, 'EFI/VUTEK', 1),
(24, 'ONCORE MANUFACTURING SERVICES', 1),
(25, 'Enterasys/Extreme Networks', 1),
(26, 'F5', 1),
(27, 'FISCHER', 1),
(28, 'GILBOS NV', 1),
(29, 'HOLOGIC INC.', 1),
(30, 'HEAT TRANSFER PRODUCTS, INC', 1),
(31, 'INSIDE TRACK CABLING', 1),
(32, 'IONOPTIX, LLC', 1),
(33, 'IPG PHOTONICS', 1),
(34, 'JFW INDUSTRIES', 1),
(35, 'KMC SYSTMES, INC. - ELBIT', 1),
(36, 'KVH INDUSTRIES, INC.', 1),
(37, 'LABSPHERE', 1),
(38, 'LUTRON ELECTRONICS CO., INC.', 1),
(39, 'MACK TECHNOLOGIES', 1),
(40, 'MARKEM-IMAJE CORPORATION', 1),
(41, 'MIDIAN ELECTRONICS, INC.', 1),
(42, 'MINNETRONIX, INC.', 1),
(43, 'MORPHO DETECTION, INC.', 1),
(44, 'MTS SYSTEMS CORPORATION', 1),
(45, 'NXSTAGE MEDICAL', 1),
(46, 'OLYMPUS SCIENTIFIC SOLUTIONS', 1),
(47, 'REVOLABS, INC.', 1),
(48, 'SCREENPRINT DOW', 1),
(49, 'TA INSTRUMENTS - WATERS LLC', 1),
(50, 'TDW SERVICES, INC.', 1),
(51, 'TELEDYNE LECROY', 1),
(52, 'TELEFLEX MEDICAL', 1),
(53, 'THERMO FISHER SCIENTIFIC', 1),
(54, 'SHI INTERNATIONAL CORP', 1),
(55, 'TYCO ELECTRONICS SUBCOM LLC', 1),
(56, 'VENOSCOPE LLC', 1),
(57, 'VORTEX LLC', 1),
(58, 'WATERS SHARPSBURG', 1),
(59, 'WELCH ALLYN INC', 1),
(60, 'KIMBALL ELECTRONICS GROUP', 1),
(61, 'ZOLL MEDICAL CORP.', 1),
(62, 'ALTIOSTAR', 0),
(63, 'COPLEY CONTROLS CORP.', 1),
(64, 'VARIAN', 1),
(65, 'CIRTRONICS CORP.', 1),
(66, 'BROOKS', 1),
(67, 'LECROY', 1),
(68, 'AGILIENT TECHNOLOGIES', 1),
(69, 'RESPIRONIC,JH EMERSON', 1),
(70, 'ESPEY MFG', 1),
(71, 'IMAGE STREAM MEDICAL', 1),
(72, 'OSHKOSH', 1),
(73, 'BraunAbility', 1),
(74, 'VASCULAR SOLUTIONS INC.', 1),
(75, 'RIBBON', 1),
(76, 'VERO BIOTECH', 1),
(77, 'BILLERICA', 1),
(78, 'MICROGEM', 1),
(79, 'VUTEK', 1),
(80, 'BASSPRO', 0),
(81, 'TENNANT', 1),
(82, 'General', 1);

-- --------------------------------------------------------

--
-- Estructura de tabla para la tabla `documentos`
--

CREATE TABLE `documentos` (
  `id` int(11) NOT NULL,
  `titulo` varchar(100) NOT NULL,
  `descripcion` varchar(255) DEFAULT NULL,
  `ruta_archivo` varchar(255) NOT NULL,
  `version` int(11) DEFAULT 1,
  `fecha_subida` datetime DEFAULT current_timestamp(),
  `activo` tinyint(1) DEFAULT 1,
  `usuario_subio_id` int(11) DEFAULT NULL,
  `fecha_eliminado` datetime DEFAULT NULL,
  `usuario_elimino_id` int(11) DEFAULT NULL,
  `cliente_id` int(11) NOT NULL,
  `categoria_id` int(11) NOT NULL
) ENGINE=InnoDB DEFAULT CHARSET=utf8mb4 COLLATE=utf8mb4_general_ci;

--
-- Volcado de datos para la tabla `documentos`
--

INSERT INTO `documentos` (`id`, `titulo`, `descripcion`, `ruta_archivo`, `version`, `fecha_subida`, `activo`, `usuario_subio_id`, `fecha_eliminado`, `usuario_elimino_id`, `cliente_id`, `categoria_id`) VALUES
(35, 'Test', NULL, 'http://172.16.141.215/sistema_ayudas/uploads/BASSPRO/Test_v1_20251211_203815.pdf', 1, '2025-12-11 12:38:15', 2, 13, '2025-12-12 07:38:34', 3, 80, 1),
(40, '12', NULL, 'http://172.16.141.215/sistema_ayudas/uploads/BraunAbility/12_v5_20251211_214155.pdf', 5, '2025-12-11 13:41:55', 2, 3, '2025-12-12 07:38:27', 3, 73, 1),
(43, 'hola', NULL, 'http://172.16.141.215/sistema_ayudas/uploads/BASSPRO/hola_v3_20251211_222758.pdf', 3, '2025-12-11 14:27:58', 2, 3, '2025-12-12 07:38:32', 3, 80, 2),
(45, '12356', NULL, 'http://172.16.141.215/sistema_ayudas/uploads/F5/12356_v2_20251211_225114.pdf', 2, '2025-12-11 14:51:14', 2, 3, '2025-12-12 07:38:30', 3, 26, 1),
(46, 'test1', NULL, 'http://172.16.141.215/sistema_ayudas/uploads/BASSPRO/test1_v1_20251211_230829.pdf', 1, '2025-12-11 15:08:29', 2, 3, '2026-01-06 14:50:56', 3, 80, 2),
(47, 'Test111111', NULL, '/sistema_ayudas/uploads/Atlas_Wire__LLC/Test111111_v1_20251215_195654.pdf', 1, '2025-12-15 11:56:54', 2, 3, '2026-01-09 14:15:43', 3, 11, 5),
(48, 'Ensamble 32423555234', NULL, '/sistema_ayudas/uploads/BILLERICA/Ensamble_32423555234_v1_20251215_204527.pdf', 1, '2025-12-15 12:45:27', 2, 3, '2026-01-09 13:19:30', 3, 77, 5),
(50, 'Test', NULL, '/sistema_ayudas/uploads/ADVANCED_INSTRUMENTS__INC_/Test_v1_20260109_204408.pdf', 1, '2026-01-09 12:44:08', 2, 3, '2026-01-09 12:44:21', 3, 3, 2);

-- --------------------------------------------------------

--
-- Estructura de tabla para la tabla `empleados_maestra`
--

CREATE TABLE `empleados_maestra` (
  `numero_empleado` varchar(20) NOT NULL,
  `nombre_completo` varchar(100) NOT NULL,
  `puesto` varchar(50) NOT NULL
) ENGINE=InnoDB DEFAULT CHARSET=utf8mb4 COLLATE=utf8mb4_general_ci;

--
-- Volcado de datos para la tabla `empleados_maestra`
--

INSERT INTO `empleados_maestra` (`numero_empleado`, `nombre_completo`, `puesto`) VALUES
('10001', 'LAMADRID MONTAÑO CARLOS MARTIN', 'Gerente General'),
('10016', 'MONTIEL VALENZUELA ANGEL OSVALDO', 'Supervisor de Produccion'),
('10017', 'FIERROS BASTIDAS JOSE MANUEL', 'Servicio al Cliente'),
('10023', 'VALENZUELA VEGA YOLANDA GUADALUPE', 'Operador de Produccion'),
('10039', 'GONZALEZ YESCAS EDITH SELENE', 'Ingeniero de Control de Calidad'),
('10040', 'LOPEZ VELAZQUEZ GERARDO ADRIEL', 'Asistente de Recursos Humanos'),
('10047', 'CHAIRAS VALENZUELA FLAVIA GUADALUPE', 'Operador de Produccion'),
('10074', 'GIL LOPEZ EVERTH FRANCISCA', 'Operador de Produccion'),
('10084', 'ACOSTA PRECIADO JUDITH LILIANA', 'Operador de Produccion'),
('10116', 'MILLAN ANTONIO DAVID', 'Inspector de Control de Calidad'),
('10118', 'LOERA SANDOVAL SEFERINO', 'Conserje'),
('10138', 'QUIJADA CORONADO ARNOLDO', 'Supervisor de Produccion'),
('10148', 'SALDAMANDO CASTRO JESUS ANGEL NOE', 'Manejador de Materiales'),
('10165', 'MARTINEZ RAMOS HERIBERTO', 'Operador de Produccion'),
('10187', 'BORQUEZ LUEVANO LUZ ANGELICA', 'Tecnico En Ingenieria'),
('10221', 'ORTEGA MARTINEZ ABRIL CAROLINA', 'Entrenador'),
('10235', 'CASTRO SANDOVAL PEDRO PAUL', 'Manejador de Materiales'),
('10241', 'GONZALEZ PARRA NAILA REBECA', 'Jefe de Grupo'),
('10258', 'CONTRERAS RAMIREZ JOSE LUIS', 'Operador de Produccion'),
('10268', 'ESPINOZA MONTOYA JESUS MISAEL', 'Operador de Produccion'),
('10288', 'ESCALANTE TAUTIMES FRANCISCO ALEJAN', 'Manejador de Materiales'),
('10310', 'VIZCARRA PADILLA JOSE ANTONIO', 'Manejador de Materiales'),
('10325', 'URIAS FELIX CARLOS ALBERTO', 'Ingeniero de Control de Calidad'),
('10337', 'LOYA CARRILLO SAUL', 'Ingeniero  Jr.'),
('10370', 'RIVERA RIVERA MARIA CONCEPCION', 'Operador de Produccion'),
('10380', 'LARA PARRA JULIO GUADALUPE', 'Operador de Produccion'),
('10400', 'FELIX ALVAREZ TIRSO', 'Operador de Produccion'),
('10404', 'LICEA LOPEZ CLARA YAQUELIN', 'Inspector de Control de Calidad'),
('10405', 'BUITIMEA CUEN CARLOS ARMANDO', 'Tecnico Electronica'),
('10410', 'DIAZ BARRERAS JUAN DANIEL', 'Operador de Produccion'),
('10415', 'YOCUPICIO YOCUPICIO JESUS EMILIO', 'Tecnico de NPI'),
('10418', 'MEDRANO CAMPOS MICHELLE ALEJANDRO', 'Operador - Entrenamiento'),
('10420', 'CONTRERAS MIRANDA KARELY YESENIA', 'Jefe de Grupo'),
('10428', 'PARRA MOROYOQUI EMILIA', 'Operador de Produccion'),
('10440', 'LOZANO JAUREGUI ESMERALDA', 'OPERADOR DE MAQUINAS DE CORTE'),
('10447', 'DUARTE MONGE JOEL', 'Supervisor de Produccion'),
('10448', 'PEREZ REYES ABIGAIL', 'Servicio al Cliente'),
('10454', 'VILLA HERNANDEZ JULIO ALBERTO', 'OPERADOR DE MAQUINAS DE CORTE'),
('10460', 'GARCIA PAYAN MARTIN', 'Operador de Produccion'),
('10497', 'CASARES RAMIREZ ANGELA YURITZA', 'Inspector de Control de Calidad'),
('10528', 'GARCIA NEVAREZ RAMONA AMAYRANI', 'Tecnico En Ingenieria'),
('10534', 'OCHOA ARCE CARLA EVELIN', 'Operador de Produccion'),
('10541', 'OLEA AGUILAR DAMARIS RUBY', 'Operador de Produccion'),
('10545', 'CRUZ ANGULO EFREN ISABEL', 'TECNICO DE MANUFACTURA'),
('10546', 'ALVARADO ACOSTA LUCIA BERENICE', 'Operador de Produccion'),
('10573', 'RUIZ VILLEGAS LETICIA ISABEL', 'Operador de Produccion'),
('10577', 'YESCAS ORTEGA YOHAN IVAN', 'Tecnico de NPI'),
('10584', 'SANCHEZ SANCHEZ ISAIAS', 'Manejador de Materiales'),
('10604', 'SOTO MELENDRES GLORIA ALICIA', 'Inspector de Control de Calidad'),
('10606', 'LOPEZ LEAL EDGAR', 'Operador de Produccion'),
('10609', 'CORRAL MENDOZA JUAN PABLO', 'MATERIALISTA'),
('10610', 'FELIX CONTRERAS MARIO ALBERTO', 'Operador de Produccion'),
('10629', 'HAROS CORDERO YADBEEL IRAM', 'Auxiliar de Mantenimiento'),
('10635', 'VILLAREAL OLIVAS GUADALUPE', 'Operador de Produccion'),
('10655', 'CARDENAS SOLIS HUGO ENRIQUE', 'Operador de Produccion'),
('10668', 'CANO MONTAÑO JULIO CESAR TADEO', 'OPERADOR DE MAQUINAS DE CORTE'),
('10671', 'GONZALEZ BARRAGAN JESUS', 'Operador de Produccion'),
('10675', 'ESCALANTE TAUTIMES LAURA', 'Jefe de Grupo'),
('10700', 'GONZALEZ VEJAR KARLA DANAIZ', 'Inspector de Control de Calidad'),
('10701', 'AYALA GARCIA LIZETH GUADALUPE', 'Operador de Produccion'),
('10724', 'GIL OLIVAS GEORGINA', 'Operador de Produccion'),
('10725', 'GIL OLIVAS ANA MARIA', 'Operador de Produccion'),
('10732', 'LECHUGA ESTRADA PEDRO', 'Operador de Produccion'),
('10745', 'PASOS ROJO ARCELIA', 'Operador de Produccion'),
('10747', 'MENDIVIL ROJAS SELENE ABIGAIL', 'Operador de Produccion'),
('10766', 'MOLINA RAVELO EDGAR GERARDO', 'TECNICO DE MANUFACTURA'),
('10780', 'HAMPL RUIZ ALVARO', 'Operador de Produccion'),
('10786', 'GIL ROSAS MISAEL', 'Tecnico de NPI'),
('10787', 'GIL ROSAS JESUS ANTONIO', 'Operador de Produccion'),
('10796', 'CAMPOS CORNEJO JESUS ADOLFO', 'Operador de Produccion'),
('10841', 'VEGA NAVA LUIS ANTONIO', 'Operador de Produccion'),
('10844', 'ORTIZ AVALOS FELIPE', 'Manejador de Materiales'),
('10846', 'MENDEZ VAZQUEZ RICARDO ABRAHAM', 'Tecnico de Calidad'),
('10865', 'GUTIERREZ BURGOS GASPAR ALONSO', 'Operador de Produccion'),
('10877', 'LEON YESCAS RAFAEL', 'Operador de Produccion'),
('10885', 'CORRAL MURRIETA BRENDA YULIANA', 'Operador de Produccion'),
('10900', 'PACHECO PACHECO MARIA LUZ', 'Operador de Produccion'),
('10911', 'ENRIQUEZ TORRES ELDER EDUARDO', 'Operador de Produccion'),
('10919', 'VALENZUELA SANTI ISAI', 'Operador de Produccion'),
('10941', 'SANCHEZ GALVEZ ELEODORA YESENIA', 'Operador de Produccion'),
('10944', 'FIERRO ORTIZ ILSE', 'Tecnico En Ingenieria'),
('11010', 'ARMENTA ZUÑIGA CORAZON DE MARIA', 'Operador de Produccion'),
('11020', 'POLANCO AYALA EDWYD EULALIO', 'OPERADOR DE MAQUINAS DE CORTE'),
('11024', 'CORTEZ CENICEROS ADRIAN', 'Operador de Produccion'),
('11046', 'LOPEZ SOTO DANIEL', 'Inspector de Control de Calidad'),
('11055', 'MORENO VILLA MARCO ANDRES', 'Operador de Produccion'),
('11081', 'ESCALANTE MONTAÑEZ MARIA DE JESUS', 'Inspector de Control de Calidad'),
('11133', 'PAEZ AVILEZ YURIANA SARAI', 'Operador de Produccion'),
('11140', 'PACHECO FELIX LUCIA', 'Operador de Produccion'),
('11141', 'HERRERA ORDUÑA LAURA', 'Inspector de Control de Calidad'),
('11149', 'PARRA CARRILLO JOSE PEDRO', 'Operador de Produccion'),
('11165', 'MELENDEZ SANCHEZ DANIELA', 'Operador de Produccion'),
('11169', 'RODRIGUEZ ROMERO MAYRA LIZETH', 'Operador de Produccion'),
('11181', 'GRACIA SALINAS OMAR OSWALDO', 'Operador de Produccion'),
('11189', 'BARCELO CORONADO FRANCISCA', 'Operador de Produccion'),
('11200', 'SANCHES GONSALEZ LOIDA ANA', 'Jefe de Grupo'),
('11208', 'PACHECO VILLEGAS CLAUDIA', 'Operador de Produccion'),
('11214', 'MAGDALENO CARRAZCO CARLOS GUADALUPE', 'Jefe de Grupo'),
('11247', 'FLORES SOMBRA ALMA ROSA', 'Operador de Produccion'),
('11251', 'RODRIGUEZ VAZQUEZ YAIRET MILDRET', 'Operador de Produccion'),
('11253', 'NUÑEZ BELTRAN OSCAR ALBERTO', 'Ingeniero de NPI'),
('11268', 'SANTOS ESCARREGA ISRRAEL', 'Operador de Produccion'),
('11272', 'BELTRAN GAMEZ JUANITA', 'Operador de Produccion'),
('11280', 'QUINTERO CUADRAS AGUSTIN', 'Tecnico Electronica'),
('11283', 'JUAREZ CAMACHO MAGDALENA', 'Operador de Produccion'),
('11291', 'GONZALEZ FLORES DENISSE', 'Jefe de Grupo'),
('11293', 'ALVARADO LEON FRANCISCO ALONSO', 'Operador de Produccion'),
('11295', 'HERNANDEZ LARA LILIANA', 'Operador de Produccion'),
('11314', 'CONTRERAS LEON CARLOS JESUS', 'Operador de Produccion'),
('11318', 'TORRES LARA LUIS DANIEL', 'OPERADOR DE MAQUINAS DE CORTE'),
('11323', 'AMPARO GONZALEZ DEISI ELIZABETH', 'Enfermera'),
('11332', 'VERDUGO GARCIA YANITZA SARAHI', 'Tecnico de NPI'),
('11335', 'VERDUZCO GARCIA ALEJANDRO', 'Operador de Produccion'),
('11340', 'OJEDA MEDINA KATLIN YARANICZA', 'Operador de Produccion'),
('11347', 'ALFARO SANTAMARIA EDITH ARACELY', 'Tecnico de NPI'),
('11348', 'YOCUPICIO GASTELUM JULIO IVAN', 'Inspector de Control de Calidad'),
('11357', 'PALOMERA CABRERA ALEJANDRA', 'Operador de Produccion'),
('11361', 'MONCADA CARRERO MELANIE MONTSERRAT', 'Jefe de Grupo'),
('11364', 'VEGA ROBLES VILMA EDITH', 'Inspector de Control de Calidad'),
('11365', 'GALLARDO AQUINO GERMINA DALI', 'Operador de Produccion'),
('11375', 'VALENZUELA VALENZUELA URIEL UBALDO', 'Jefe de Grupo'),
('11379', 'SOSA Y SILVA LOPEZ OCTAVIO', 'Jefe de Grupo'),
('11397', 'LOPEZ ARIZAGA EZEQUIEL', 'Operador de Produccion'),
('11401', 'VALENZUELA HERNANDEZ DENIS ALEJANDR', 'Operador de Produccion'),
('11418', 'ESCARREGA ZAVALA JESUS ERNESTO', 'Operador de Produccion'),
('11421', 'PALAFOX GUTIERREZ LUIS MARIO', 'Operador de Produccion'),
('11429', 'SAUCEDO ALANIZ JUANA GUADALUPE', 'Operador de Produccion'),
('11439', 'LOPEZ HERNANDEZ JESUS ALAN', 'Tecnico Electronica'),
('11442', 'GUTIERREZ CHINO ALBA DELIA', 'Operador de Produccion'),
('11456', 'MORALES MENDIA TELESFORA', 'Operador de Produccion'),
('11468', 'MUÑIZ ROBINSON SAMUEL', 'Comprador'),
('11469', 'MORALES ROSAS JOSE LUIS', 'Manejador de Materiales'),
('1149', 'GALLEGO QUINTERO CESAR DAVID', 'Calibrador de Instrumentos'),
('11495', 'FRUCTUOSO AYOMETZI JESUS DANIEL', 'Operador de Produccion'),
('11505', 'MARTINEZ IBAÑEZ ANTONIO', 'Operador de Produccion'),
('11516', 'REYES LOPEZ GABRIELA', 'Jefe de Grupo'),
('11526', 'GONZALEZ ZAMORANO MARCELINO', 'Manejador de Materiales'),
('11535', 'HERNANDEZ CRUZ MARIA CATALINA', 'Operador de Produccion'),
('11537', 'RIVERA VALENZUELA DEISY MICHELLE', 'Operador de Produccion'),
('11538', 'ESQUIVEL ROMERO VIANNEY ESMERALDA', 'Operador de Produccion'),
('11540', 'ZAVALA BALBASTRO ILIANA YOSELIN', 'OPERADOR DE MAQUINAS DE CORTE'),
('11543', 'RAMIREZ LUNA LIDIA', 'Operador de Produccion'),
('11564', 'AGUILAR HERNANDEZ MARIA TERESA', 'Operador de Produccion'),
('11569', 'CONTRERAS HERNANDEZ NORA MERAIMA', 'Operador de Produccion'),
('11574', 'ARAUJO ARMENTA EFREN ALBERTO', 'Operador de Produccion'),
('11586', 'CRUZ HERNANDEZ SOCORRO', 'Jefe de Grupo'),
('11589', 'CHAVEZ FELIX ELEAZAR', 'Manejador de Materiales'),
('11599', 'LOPEZ LEON HECTOR MANUEL', 'Tecnico Electronica'),
('11601', 'SOTO LOPEZ LUIS ANGEL', 'OPERADOR DE MAQUINAS DE CORTE'),
('11606', 'CASTRO RODRIGUEZ AMIZADAY', 'Operador de Produccion'),
('11619', 'QUEVEDO ORTEGA JOSE GILBERTO', 'TECNICO EN SISTEMAS'),
('11623', 'BORQUEZ FLORES JOSEFINA', 'Conserje'),
('11629', 'RODRIGUEZ MARTINEZ ALBERTO', 'Tecnico Electromecanico'),
('11634', 'PEREZ SOTO LUIS GUADALUPE', 'Inspector de Control de Calidad'),
('11644', 'LOPEZ ESPINOZA YUDMILA', 'Operador de Produccion'),
('11657', 'LOPEZ CORONADO YESENIA ARACELY', 'Operador de Produccion'),
('11661', 'YEPIZ TERRAZAS DENISSE', 'Asistente de Contabilidad'),
('11662', 'ALCARAZ LOPEZ JOSE ALFREDO', 'Asistente de Contabilidad'),
('11676', 'CAMACHO MARTINEZ FERNANDO', 'Operador de Produccion'),
('11701', 'MEZA FIGUEROA EDUARDO RAFAEL', 'Operador de Produccion'),
('11716', 'RIOS GONZALEZ JULIAN ARIEL', 'Conserje'),
('11732', 'GUTIERREZ VALDEZ ERNESTO', 'Operador de Produccion'),
('11742', 'HERNANDEZ RAMIREZ HECTOR', 'Conserje'),
('11755', 'CAPERON GONZALEZ JAVIER', 'Manejador de Materiales'),
('11768', 'HUARAQUI DE LA ROCHA JULISSA ARLETH', 'Inspector de Control de Calidad'),
('11771', 'GASPERIN ORTIZ UBALDO', 'OPERADOR DE MAQUINAS DE CORTE'),
('11778', 'AGUILERA RAMIREZ ANDRES ARTURO', 'Operador de Produccion'),
('11779', 'ROMERO OSORIO FRANCISCO JAVIER', 'Manejador de Materiales'),
('11780', 'VILLEGAS VILLELA RAMON ANGEL', 'Operador de Produccion'),
('11788', 'ROBLES BRACAMONTE LUIS YORDI', 'OPERADOR DE MAQUINAS DE CORTE'),
('11789', 'VILLA PALOMARES PAOLA', 'Entrenador'),
('11794', 'VALENZUELA BALDENEGRO MANUEL DE JES', 'OPERADOR DE MAQUINAS DE CORTE'),
('11796', 'VALENZUELA MIRANDA HOMAR FERNANDO', 'MATERIALISTA'),
('11797', 'ORTIZ AYON EMMA PATRICIA', 'OPERADOR DE MAQUINAS DE CORTE'),
('11803', 'LOPEZ RAMIREZ ABRAHAM VIDAL', 'Operador de Produccion'),
('11805', 'LOPEZ GASTELO CARLOS GUADALUPE', 'Tecnico Electronica'),
('11806', 'GARCIA DOUGLAS HECTOR DANIEL', 'OPERADOR DE MAQUINAS DE CORTE'),
('11812', 'SOLIS CHAVEZ MANUEL ANTONIO', 'Operador de Produccion'),
('11814', 'ORTEGA LUCHO MARIA ESTHER', 'Operador de Produccion'),
('11817', 'MARTINEZ CASTRO FILIBERTO', 'OPERADOR DE MAQUINAS DE CORTE'),
('11827', 'BUSTILLOS CAMPOS ARTURO JOHAN', 'Operador de Produccion'),
('11829', 'STIRK FLORES REYNA YURIDIA', 'Operador de Produccion'),
('11835', 'VALENCIA VALENCIA JOSE LUIS', 'Operador de Produccion'),
('11845', 'FONG LEYVA VICTOR DANIEL', 'Jefe de Grupo'),
('11850', 'BARRAZA ARANDA JOSE MANUEL', 'Operador de Produccion'),
('11855', 'ORTIZ MORALES JOBA', 'Inspector de Control de Calidad'),
('11869', 'PAZOS PEREZ JESUS GUADALUPE', 'Operador de Produccion'),
('11874', 'SAHUERI VALENZUELA JOSE MIGUEL', 'Operador de Produccion'),
('11884', 'QUINTERO PARRA JIOVANNI', 'Manejador de Materiales'),
('11887', 'TANORI VEGA RAMON MARTIN', 'Operador de Produccion'),
('11894', 'VALENZUELA CHAPARRO JOSE RAMON', 'Operador de Produccion'),
('11899', 'DIAZ BARRERAS MANUEL DE JESUS', 'Operador de Produccion'),
('11906', 'LEON SANTILLANES ISRAEL', 'Inspector de Control de Calidad'),
('11908', 'FELIX TAJIA BENITO', 'Operador de Produccion'),
('11912', 'LEON LEYVA DANIELA ALEJANDRA', 'Inspector de Control de Calidad'),
('11915', 'GASTELUM FRANCO EDEL ILENIA', 'Operador de Produccion'),
('11916', 'GUTIERREZ TALAMANTES MARIA ELENA', 'Operador de Produccion'),
('11929', 'LOPEZ SALAZAR JESUS IGNACIO', 'Inspector de Control de Calidad'),
('11932', 'CORDOVA SANTOS BRANDAM MARTIN', 'Operador de pruebas Electricas'),
('11935', 'MUÑOZ SOTO ROSENDA', 'Operador de Produccion'),
('11936', 'ZAMBRANO FRANCO JOSE JESUS', 'Ingeniero de Manufactura'),
('11941', 'LARA BRICEÑO ANGEL GABRIEL', 'OPERADOR DE MAQUINAS DE CORTE'),
('11946', 'CORONADO JUSACAMEA ALEJANDRA GUADAL', 'Operador de Produccion'),
('11952', 'GONZALEZ LOPEZ CARLOS ERNESTO', 'Inspector de Control de Calidad'),
('11954', 'CORTEZ BUERAS GUADALUPE AZUCENA', 'Operador de Produccion'),
('11962', 'FLORES ALCARAZ DULCE GEOVANNA', 'Operador - Entrenamiento'),
('11971', 'SAHAGUN GUZMAN DANITZA ANAHI', 'Operador de Produccion'),
('11974', 'FELIX MOROYOQUI SANTOS', 'Operador de Produccion'),
('11975', 'GONZALEZ CORTEZ ADRIANA CECILIA', 'Operador de Produccion'),
('11976', 'ELENES VALENZUELA JUAN DE DIOS', 'Operador de Produccion'),
('12007', 'DYQUE GASTELUM NANCY MARGARITA', 'Jefe de Grupo'),
('12013', 'HERNANDEZ PIZANO HUGO DANIEL', 'Operador de Produccion'),
('12019', 'CANO VERDUGO DANIXIA BERENICE', 'Operador de Produccion'),
('12035', 'ORTEGA LOPEZ EDNA YUBIRIA', 'Operador de Produccion'),
('12037', 'HERRERA RODRIGUEZ BELEM', 'Manejador de Materiales'),
('12047', 'LAMADRID NORIEGA CARLOS ARISTOTELES', 'Ingeniero de Proceso'),
('12056', 'PALAFOX BELTRAN ALEXIS JOSE', 'OPERADOR DE MAQUINAS DE CORTE'),
('12059', 'PEÑA OSOBAMPO ESMERALDA RUBY', 'Operador de Produccion'),
('12060', 'COTA GUERRERO GISELA', 'Operador de Produccion'),
('12073', 'REYES PARRA JESUS RICARDO', 'Operador de Produccion'),
('12090', 'SERRANO SERRANO BRYANDA', 'Operador de Produccion'),
('12095', 'MENDOZA ARAUJO MABEL ALEJANDRA', 'Operador de Produccion'),
('12097', 'VERDUZCO FIGUEROA LUIS ENRIQUE', 'Operador de Produccion'),
('12098', 'CARVAJAL MURRIETA MARIA DE LA LUZ', 'Operador de Produccion'),
('12099', 'MUÑOZ SOTO MARIA ANTOLINA', 'Operador de Produccion'),
('12100', 'OCHOA BEJARANO FRANCISCA GABRIELA', 'Operador de Produccion'),
('12101', 'GUTIERREZ BURGOS JESUS ALFREDO', 'Operador de Produccion'),
('12110', 'ESCALANTE AGUILAR CYNTHIA GUADALUPE', 'Inspector de Control de Calidad'),
('12114', 'FONTES BARNETT KARLA VALERIA', 'Operador de Produccion'),
('12120', 'VALENZUELA ARMENTA ANGELITA', 'Operador de Produccion'),
('12125', 'VALENZUELA VIZCARRA JESUS ENRIQUE', 'Tecnico Electronica'),
('12132', 'GRANILLO CARDENAS ISABEL AYRIM', 'Inspector de Control de Calidad'),
('12136', 'SAUCEDO ALVARADO ROSAURA', 'Operador de Produccion'),
('12141', 'PEREZ MORALES ALMA GILAIRAM', 'Operador de Produccion'),
('12149', 'GARCIA PEREZ ARELY', 'Operador de Produccion'),
('12159', 'GARCIA SOJO KARLA ELIZABETH', 'Jefe de Grupo'),
('12171', 'POLANCO VILLA GAEL', 'Inspector de Control de Calidad'),
('12181', 'VILLARREAL GUILLEN SILVIA ESMERALDA', 'Operador de Produccion'),
('12185', 'YOCUPICIO AYALA MODESTO', 'OPERADOR DE MAQUINAS DE CORTE'),
('12186', 'FELIX MORENO BRAYAN ALEXANDER', 'Operador de Produccion'),
('12192', 'GRIJALVA CORONADO JOSE RICARDO', 'Operador de Produccion'),
('12198', 'SAUCEDO JUAREZ BRANDON GUSTAVO', 'Operador de Produccion'),
('12202', 'HIGUERA SARABIA CINTHIA LIZZETH', 'Operador de Produccion'),
('12210', 'SALAS LOPEZ EDUARDO', 'Operador de Produccion'),
('12213', 'GONZALEZ ESTRADA AZUL AZUCENA', 'OPERADOR DE MAQUINAS DE CORTE'),
('12221', 'CRUZ BELTRAN FERNANDO', 'OPERADOR DE MAQUINAS DE CORTE'),
('12222', 'PIO MARTINEZ LAZARO', 'Operador de Produccion'),
('12233', 'ESTRADA RUELAS REYNA DOLORES', 'OPERADOR DE MAQUINAS DE CORTE'),
('12239', 'ARMENTA CORRALES MARTHA ARACELI', 'Operador de Produccion'),
('12241', 'GARCIA LOZANO EVA ESMERALDA', 'Operador de Produccion'),
('12249', 'LOZANO LORA SULEMA CELENE', 'Tecnico de NPI'),
('12250', 'OBESO LOPEZ JOSE RAMON', 'Operador de Produccion'),
('12251', 'MOLINA COTA JOSE JESUS', 'Operador de Produccion'),
('12256', 'MUNDO ROJAS JOSE OMAR', 'Manejador de Materiales'),
('12265', 'MEDINA ZUÑIGA MIGUEL', 'Operador de Produccion'),
('12266', 'SANCHEZ FERNANDEZ ESMERALDA GUADALU', 'Operador de Produccion'),
('12269', 'MARTINEZ ARELLANO JAHAZIEL', 'OPERADOR DE MAQUINAS DE CORTE'),
('12276', 'CORRAL MIRANDA BLANCA ROSALINA', 'Operador de Produccion'),
('12280', 'BANDA ESQUER ERIKA ABIGAIL', 'Operador de Produccion'),
('12283', 'LOPEZ SOTO MIGUEL ADOLFO', 'Operador de Produccion'),
('12296', 'RAMIREZ ALVAREZ WALTER EDUARDO', 'Operador de Produccion'),
('12298', 'REYES PARRA NURIA PAMELA', 'Operador de Produccion'),
('12301', 'FLORES GONZALEZ CHAULIN AGUSTIN', 'Operador de Produccion'),
('12306', 'OLIVAS FLORES SERGIO ABEL', 'OPERADOR DE MAQUINAS DE CORTE'),
('12307', 'RUBIO RIOS RIGOBERTO', 'Manejador de Materiales'),
('12308', 'COTA VALENZUELA ALONDRA GUADALUPE', 'Tecnico de NPI'),
('12309', 'GIL OZUNA RUBEN ESTEBAN', 'Asistente de Recursos Humanos'),
('12318', 'MONTAÑO DICOCHEA JUAN CARLOS', 'Tecnico Electronica'),
('12323', 'DE LOS SANTOS VALENZUELA YULHENY', 'Inspector de Control de Calidad'),
('12330', 'VERDUGO VAZQUEZ LEOBARDO', 'Operador de Produccion'),
('12336', 'JIMENEZ VARGAS ARTURO ISAEL', 'OPERADOR DE MAQUINAS DE CORTE'),
('12338', 'ALVAREZ VALENZUELA LUZ ANGELICA', 'Operador de Produccion'),
('12341', 'PEREZ LOPEZ BEATRIZ', 'Operador de Produccion'),
('12343', 'NEVAREZ CRUZ MARCELINO', 'Supervisor de Produccion'),
('12344', 'ARIAS VALENZUELA FIDEL ALONSO', 'Operador de Produccion'),
('12345', 'CASTILLO JIMENEZ VICTORICO', 'Operador de Produccion'),
('12347', 'GAXIOLA CARRAZCO YULIANA GUADALUPE', 'Manejador de Materiales'),
('12352', 'CASTILLO GIL ESTEBAN ALEJANDRO', 'OPERADOR DE MAQUINAS DE CORTE'),
('12354', 'FRANCO FELIPE NAYELI', 'Operador de Produccion'),
('12356', 'ESPINOZA HERNANDEZ KENNIA MICHEL', 'Operador de Produccion'),
('12362', 'CASTRO SOLANO EDWIN ANTONIO', 'Operador de Produccion'),
('12363', 'CANO VERDUGO BRYANT DE JESUS', 'Operador de Produccion'),
('12370', 'ABRIL MORENO MIGUEL', 'OPERADOR DE MAQUINAS DE CORTE'),
('12371', 'LOPEZ CASTRO WALTER', 'Jefe de Grupo'),
('12382', 'GUILLEN ARMENTA LUZ ELIDEN', 'Operador de Produccion'),
('12390', 'CARRERAS LOPEZ DORLET CITLALLI', 'Operador - Entrenamiento'),
('12399', 'VARELA ZAMORA KEVIN ADRIAN', 'Jefe de Grupo'),
('12401', 'NIEBLAS ZEPEDA YAZMIN LIZBETH', 'Operador de Produccion'),
('12410', 'ESPINOZA VALENZUELA IRACEMA', 'Operador de Produccion'),
('12420', 'ACOSTA SAUCEDO LEONARDO DANIEL', 'Operador de Produccion'),
('12423', 'ROBLES MOLINA YEDITH DANIELA', 'Operador de Produccion'),
('12434', 'LIZARRAGA MANCINAS CELSO', 'Operador de Produccion'),
('12448', 'VEGA RUIZ ANGEL ADRIAN', 'OPERADOR DE MAQUINAS DE CORTE'),
('12452', 'OSORIO REYES LIZBETH', 'Operador de Produccion'),
('12458', 'HURTADO ACOSTA ESMERALDA ABIGAIL', 'Inspector de Control de Calidad'),
('12461', 'FELIX MUÑOZ RICARDO EMILIO', 'Jefe de Grupo'),
('12462', 'LUNA REYES LUIS ENRIQUE', 'Operador de Produccion'),
('12463', 'CARRANZA LEYVA CARLOS MIGUEL', 'Operador de Produccion'),
('12467', 'CASTRO ANGON MARIO', 'Operador de Produccion'),
('12479', 'HERNANDEZ ESQUIVEL ALEJANDRA', 'Operador de Produccion'),
('12482', 'MARTINEZ RAMOS JOSE JULIAN', 'Operador de Produccion'),
('12489', 'FRUCTUOSO AYOMETZI IVONNE BEATRIZ', 'Operador de Produccion'),
('12491', 'VILLA HERNANDEZ MARIA MADAI', 'Operador de Produccion'),
('12492', 'VEGA QUINTANA ALEXANDRA', 'Operador de Produccion'),
('12495', 'ACOSTA ORTIZ VICTOR ANGEL', 'Operador de Produccion'),
('12502', 'CASTRO ALVARADO ALEXIS GUADALUPE', 'Inspector de Control de Calidad'),
('12524', 'MENDIVIL RAMIREZ KARLA LUCIA', 'Operador de Produccion'),
('12527', 'LOPEZ BRICEÑO FRANCISCA YULENY', 'Inspector de Control de Calidad'),
('12533', 'VALENZUELA CHAPARRO JESUS GILBERTO', 'Operador de Produccion'),
('12539', 'SOTO GERARDO ELIECER', 'Operador de Produccion'),
('12548', 'LIRA CORONADO ALTAGRACIA', 'Operador de Produccion'),
('12555', 'MENDIVIL MIRANDA KEILER JASSANI', 'Operador de Produccion'),
('12562', 'DOUMERC RODELO KARLA HERLINDA', 'Operador de Produccion'),
('12571', 'NIEVES GARCIA VANESSA', 'Operador de Produccion'),
('12581', 'LICEA LOPEZ JOSE ENRIQUE', 'Inspector de Control de Calidad'),
('12590', 'ZUÑIGA NEYOY ADRIANA GUADALUPE', 'Operador de Produccion'),
('12596', 'ROMERO SANCHEZ FERNANDO JACIEL', 'Operador de Produccion'),
('12597', 'MOLLINEDO MENDOZA GUADALUPE YAZMIN', 'Operador de Produccion'),
('12599', 'ACOSTA GRIJALVA CRISTINA LIZETH', 'Operador de Produccion'),
('12611', 'RUIZ OCHOA BRICEYDA', 'Operador de Produccion'),
('12622', 'MOLINA VAZQUEZ LUIS ALBERTO', 'Operador de Produccion'),
('12623', 'WBAMEA OLIVAS EFREN JESUS', 'Operador de Produccion'),
('12628', 'PARRA  CARLA JHOVANA', 'Inspector de Control de Calidad'),
('12629', 'MARQUEZ MORA PEDRO', 'Operador de Produccion'),
('12631', 'DIAZ VALENZUELA ROBERTO VALENTIN', 'Operador de Produccion'),
('12634', 'MARTINEZ AVENA DANIELA VALENTINA', 'Operador de Produccion'),
('12640', 'RAMIREZ CHAPARRO MARTIN', 'Operador de Produccion'),
('12645', 'LIRA FRANCO MANUEL EDUARDO', 'Operador de Produccion'),
('12659', 'PEREZ GARCIA YANET', 'Operador de Produccion'),
('12668', 'AGUILERA SOTO ADRIAN HIRAM', 'Conserje'),
('12669', 'GARATE CEJA ONEIDA SUJEY', 'Operador de Produccion'),
('12675', 'FIGUEROA BERNAL HILDA GUADALUPE', 'Tecnico En Ingenieria'),
('12686', 'ARCE MINJAREZ ZAMIR ISMAEL', 'Operador de Produccion'),
('12689', 'VELAZQUES LEYVA ERIKA VANESA', 'Jefe de Grupo'),
('12695', 'TAPIA RIVERA EDGAR IVAN', 'Operador de Produccion'),
('12703', 'CORRAL VALENZUELA CARMINA ISABEL', 'Operador de Produccion'),
('12704', 'CONTRERAS YOCUPICIO ALBA ADILENE', 'Operador de Produccion'),
('12709', 'GUERRERO NIDO JOSE FRANCISCO', 'Operador de Produccion'),
('12714', 'CONTRERAS MIRANDA HEVER RAUL', 'Operador de Produccion'),
('12719', 'MORENO RAMIREZ JUSTINA BALVANEDA', 'Operador de Produccion'),
('12721', 'FIERRO NUÑEZ MARIA ISABEL', 'Operador de Produccion'),
('12722', 'ORTEGA MENDIVIL ANGEL ZAID', 'Operador de Produccion'),
('12725', 'CRUZ LABORIN LORENA PATRICIA', 'Operador de Produccion'),
('12732', 'LOPEZ COVARRUBIAS REYNA GUADALUPE', 'Inspector de Control de Calidad'),
('12735', 'ACOSTA GASTELUM YOLANDA EDITH', 'Operador de Produccion'),
('12738', 'VELASQUEZ MONGE CHRISTIAN FERNANDO', 'Tecnico Electromecanico'),
('12746', 'GERMAN MEDINA ANA ADILENE', 'Operador de Produccion'),
('12751', 'VERDUGO VAZQUEZ ADELA GUADALUPE', 'Operador - Entrenamiento'),
('12754', 'GARCIA CHONG YAJAHIRA ALEJANDRA', 'Operador de Produccion'),
('12755', 'LARA MEDRANO ANTHONY YAHIR', 'Tecnico Electronica'),
('12756', 'ALDACO GALAVIZ CARLOS EDUARDO', 'Ingeniero  Jr.'),
('12758', 'MENESES QUIÑONEZ PAUL DAVID', 'Ingeniero de Producto'),
('12759', 'GALAVIZ ZAZUETA JOSE LORENZO', 'OPERADOR DE MAQUINAS DE CORTE'),
('12761', 'VALENZUELA RODRIGUEZ JESUS ARTURO', 'OPERADOR DE MAQUINAS DE CORTE'),
('12767', 'JUAREZ OSELO JOSE FRANCISCO', 'Operador de Produccion'),
('12770', 'PALOMARES ARMENTA NAYELI SARAHI', 'Ingeniero  Jr.'),
('12774', 'GARCIA CASTELLANOS ANA LAURA', 'Operador de Produccion'),
('12775', 'YEPIZ SEDEÑO JENNIFER GUADALUPE', 'ANALISTA DE ADUANA'),
('12777', 'MAGALLANES CORRAL MARIA JULIA', 'Tecnico de Calidad'),
('12781', 'SAUCEDA PEREZ JESUS JISABEL', 'Operador de Produccion'),
('12782', 'PARRA PEÑA ADRIANA ELIZABETH', 'Operador de Produccion'),
('12783', 'ESPINOZA DE LA CRUZ WENDI NAYELI', 'Operador de Produccion'),
('12785', 'SUAREZ DUEÑAS JORGE AARON', 'Tecnico Electronica'),
('12788', 'VILLEGAS ARENAS LEONARDO', 'Operador de Produccion'),
('12789', 'MOROYOQUI VALENZUELA JUAN DIEGO', 'Operador de Produccion'),
('12792', 'CRUZ ANTONIO DAVID ENRIQUE', 'Operador de Produccion'),
('12794', 'FELIX ASTORGA FLOR YULIET', 'Operador de Produccion'),
('12796', 'PEREZ PITA YARELY ISABEL', 'Operador de Produccion'),
('12797', 'MIRANDA BABICHI DORA EVELIA', 'Operador de Produccion'),
('12798', 'DIAZ AGUILAR MIA NEVEY', 'Operador de Produccion'),
('12803', 'PEREIDA NEVAREZ GLORIA ANAHI', 'Comprador'),
('12804', 'CORONADO ACOSTA GUADALUPE EMILIA', 'Inspector de Control de Calidad'),
('12806', 'MARTINEZ LEON JORGE ARMANDO', 'Operador de Produccion'),
('12807', 'GOMEZ VERDUGO ROSA MARIA', 'Operador de Produccion'),
('12809', 'SUAREZ DUEÑAS CRYSTHIAN ALAN', 'OPERADOR DE MAQUINAS DE CORTE'),
('12810', 'CAMPA GONZALEZ MARTIN ANTONIO', 'OPERADOR DE MAQUINAS DE CORTE'),
('12817', 'ORDUÑO GUTIERREZ CHRISTIAN LEX', 'MATERIALISTA'),
('12819', 'LOPEZ SAIS DELIA PATRICIA', 'Operador de Produccion'),
('12825', 'CASTRO LARA RUBEN IGNACIO', 'Operador de Produccion'),
('12827', 'SOTO BARRERAS SUSSETH MARIA', 'Inspector de Control de Calidad'),
('12828', 'GARCIA GONZALEZ ALEJANDRA', 'Operador de Produccion'),
('12829', 'AGUERO MENDIVIL JUAN JOSE', 'Operador de Produccion'),
('12831', 'HERNANDEZ RENTERIA HILDA', 'Operador de Produccion'),
('12833', 'GUTIERREZ VEGA LIDIA MARCELA', 'Jefe de Grupo'),
('12835', 'SALOMON MEDINA ANDREA SALOME', 'Operador de Produccion'),
('12842', 'ZAVALA GASTELUM LEAMCY AYLERIM', 'Operador de Produccion'),
('12844', 'RUIZ RUBIO GILDA NAYELI', 'Operador de Produccion'),
('12846', 'MARQUEZ ARIZMENDI YADIRA', 'Operador de Produccion'),
('12850', 'DOMINGUEZ AGUERO ABIGAIL', 'Operador de Produccion'),
('12854', 'SANCHEZ TAPIA ESTEFANIA', 'Operador de Produccion'),
('12857', 'MOROYOQUI MENDOZA ROSALINDA', 'Operador de Produccion'),
('12859', 'CASTRO ALVAREZ REYNA GUADALUPE', 'Operador de Produccion'),
('12867', 'CABANILLAS JIMENEZ BRANDON ULISES', 'Operador de Produccion'),
('12871', 'VERDUGO SOLANO CECILIA', 'Inspector de Control de Calidad'),
('12872', 'ROBLES LUCERO CARLOS HUMBERTO', 'Ingeniero de Manufactura'),
('12874', 'FLORES CRIOLLO MARIO', 'OPERADOR DE MAQUINAS DE CORTE'),
('12876', 'HERRERA MOROYOQUI JUAN ANDRES', 'Operador de Produccion'),
('12888', 'RODRIGUEZ ROMERO JESUS LIZBETH', 'Operador de Produccion'),
('12899', 'CARRIZOZA CAMACHO ANGEL ERNESTO', 'Operador de Produccion'),
('12904', 'MARTINEZ MENDOZA SAUL ADAN', 'Operador de Produccion'),
('12910', 'ROMAN OLAIZ VICTORIA', 'Jefe de Grupo'),
('12913', 'ARVIZU CLAUDIO JORGE LUIS', 'Manejador de Materiales'),
('12914', 'VILLA LIRA ROBERTO GUADALUPE', 'Operador de Produccion'),
('12915', 'ESTRADA ESQUER AMBAR RENNE', 'Operador de Produccion'),
('12917', 'AMAYA VERGARA EIRA YEDITH', 'Operador de Produccion'),
('12918', 'MONTES ALEGRIA SERGIO', 'Inspector de Control de Calidad'),
('12920', 'VALENZUELA GASTELUM REGINALDO', 'Operador de Produccion'),
('12926', 'SESMA MOROYOQUI SAYRA ESPERANZA', 'Operador de Produccion'),
('12930', 'RODRIGUEZ MARTINEZ CLAUDIA TATIANA', 'Inspector de Control de Calidad'),
('12931', 'QUEVEDO GUZMAN KIMBERLY VIANNEY', 'Operador de Produccion'),
('12933', 'MIRANDA AVILEZ ELIZABETH', 'Operador de Produccion'),
('12937', 'HERNANDEZ GARCIA CINTHIA ANGELICA', 'Operador de Produccion'),
('12938', 'CHANG LUNA LAURA NERI', 'Operador de Produccion'),
('12945', 'OSUNA CORONA NOEMI', 'Tecnico de NPI'),
('12951', 'BUYTIMEA JITAMEA ALMA LETICIA', 'Operador de Produccion'),
('12952', 'HERNANDEZ ORTIZ FERNANDO', 'Operador de Produccion'),
('12953', 'DIAZ TORRES ALMA ALONDRA', 'Operador de Produccion'),
('12954', 'AGUAYO BECERRA MARIA ELIZABETH', 'Operador de Produccion'),
('12956', 'HERNANDEZ GONZALEZ HERMELINDA', 'Operador de Produccion'),
('12957', 'LOPEZ MATIAS MARCELA', 'Operador de Produccion'),
('12959', 'LUQUE PACHECO JESUS GUILLERMO', 'Operador de Produccion'),
('12960', 'ARBALLO BACASEGUA MARIA TERESA', 'Operador de Produccion'),
('12964', 'LEYVA URIAS DAYANA GUADALUPE', 'Operador de Produccion'),
('12968', 'CABALLERO BENICIO NAYELI GEORGINA', 'Operador de Produccion'),
('12970', 'GRANILLO SANTACRUZ FRANCISCO ALBERT', 'Tecnico Electronica'),
('12971', 'VILLARREAL ROJAS BRAYAN ALBERTO', 'Tecnico Electronica'),
('12982', 'MOLINA COTA JOSE MARIA', 'Operador de Produccion'),
('12987', 'GONZALEZ SOLIS TANIIA GUADALUPE', 'Operador de Produccion'),
('12991', 'CORTES FELIX LEYNI VANESSA', 'Operador de Produccion'),
('13009', 'JARAMILLO MEJIA JULISSA FABIOLA', 'Operador de Produccion'),
('13011', 'BAÑUELOS GONZALEZ ISMELDA JANETH', 'Operador de Produccion'),
('13014', 'AYON VALENZUELA PAULITA', 'Operador de Produccion'),
('13030', 'NIEBLA RAMOS CESAR ULISES', 'Operador de Produccion'),
('13035', 'VARGAS ALONSO RANDI ABNER', 'Supervisor de Produccion'),
('13041', 'AYALA GARCIA YOCELIN KASANDRA', 'Tecnico de NPI'),
('13042', 'DUARTE ESTRADA AYLIN RUBI', 'Operador de Produccion'),
('13044', 'ASTORGA MONTIEL KEVIN HERIBERTO', 'OPERADOR DE MAQUINAS DE CORTE'),
('13045', 'LEYVA ALCANTAR MARIO ALBERTO', 'Operador de Produccion'),
('13046', 'HERNANDEZ MANCILLA OMAR BERNARDO', 'Operador de Produccion'),
('1305', 'OJEDA CASTRO LUIS ALONSO', 'Supervisor de Produccion'),
('13052', 'FIGUEROA CARRILLO CLARISA GUADALUPE', 'Operador - Entrenamiento'),
('13053', 'ROCHA ANGULO FERNANDO', 'Operador de Produccion'),
('13057', 'TENORIO GONZALEZ MARIA ISABEL', 'Operador de Produccion'),
('13065', 'MARTINEZ LUQUE JESUS GIOVANNI', 'Operador de Produccion'),
('13076', 'SINOTEZ GARCIA MAYRA ALEJANDRA', 'Operador de Produccion'),
('13077', 'LOAIZA VILLALOBOS KAREN NALLELY', 'Operador de Produccion'),
('13090', 'SOTO BACA MARIELA', 'Operador de Produccion'),
('13093', 'TOLANO REYNA HERIBERTO', 'Manejador de Materiales'),
('13095', 'GONZALEZ BUSTAMANTE TERESITA GUADAL', 'Operador de Produccion'),
('13096', 'MIRANDA BABICHI YESICA ANTONIA', 'Operador de Produccion'),
('13101', 'HERRERA LOMELI YESICA GRACIELA', 'OPERADOR DE MAQUINAS DE CORTE'),
('13102', 'ESPINOZA ROMAN GLORIA LETICIA', 'Operador de Produccion'),
('13111', 'NUÑEZ LAFARGA BERTHA ALICIA', 'OPERADOR DE MAQUINAS DE CORTE'),
('13112', 'GARCIA MAGALLANES ANAIZ CRISTINA', 'OPERADOR DE MAQUINAS DE CORTE'),
('13118', 'GONZALEZ GONZALEZ BLANCA JULIA', 'Operador de Produccion'),
('13120', 'MILLAN VALENZUELA ARLETH XITLALY', 'Operador de Produccion'),
('13122', 'AGUILAR AVECHUCO WUILBER OSVALDO', 'Operador de Produccion'),
('13124', 'CORTEZ RIVERA JUAN RAMON', 'Operador de Produccion'),
('13126', 'ALDAMA ARAGON CESAR JUSEY', 'Tecnico Electromecanico'),
('13129', 'VILLEGAS FELIX JACQUELINE', 'Operador de Produccion'),
('13130', 'RODRIGUEZ BARREDA JESUS ADRIAN', 'Operador de Produccion'),
('13132', 'ORTIZ RUA ROSAURA JANETH', 'Operador de Produccion'),
('13136', 'ROSAS MACHADO YAILIN', 'Operador de Produccion'),
('13137', 'MARTINEZ MORALES ANA BELEM', 'Operador de Produccion'),
('13140', 'OLIVARRIA RAMIREZ CESAR', 'Operador de Produccion'),
('13148', 'MEDRANO VALENZUELA GUADALUPE LETICI', 'Operador de Produccion'),
('13150', 'MENDEZ ALCARAZ SERGIO ADRIAN', 'Operador de Produccion'),
('13161', 'GARCIA CORRAL JESUS YANETH', 'Operador de Produccion'),
('13162', 'LEON NIEBLAS MILAGROS ANGELICA', 'Operador de Produccion'),
('13163', 'RAMIREZ VILLEGAS TAYDE NIXEL', 'Operador de Produccion'),
('13167', 'AYALA ESPERICUETA HECTOR', 'Asistente de Recursos Humanos'),
('13168', 'HERNANDEZ APODACA ANGEL ADALBERTO', 'Operador de Produccion'),
('13169', 'DE LA ROSA CHAIDEZ GERALDIN', 'Operador de Produccion'),
('13173', 'MURILLO HERNANDEZ LUIS ALBERTO', 'Operador de Produccion'),
('13179', 'GASTELUM BUITIMEA JESUS TRINIDAD', 'Operador de Produccion'),
('13182', 'CRISTINO BUSTAMANTE ALEXA', 'Operador de Produccion'),
('13183', 'BARRIOS VILLEGAS DENISSE ANTONIA', 'Operador de Produccion'),
('13184', 'CASTRO SOTO LENIN DAYANA', 'Operador de Produccion'),
('13186', 'FELIX VEA FRANKI DANIEL', 'Manejador de Materiales'),
('13197', 'HERRERA KOTRY DIEGO NICOLAS', 'Operador de Produccion'),
('13199', 'LOZADA LOPEZ ALISON ESMERALDA', 'Operador de Produccion'),
('13200', 'VILLEGAS FELIX ESTEFANIA', 'Operador de Produccion'),
('13201', 'GRACIA JUSACAMEA MARIA JOSE', 'Operador de Produccion'),
('13202', 'PACHECO SALAS JACINTA', 'Conserje'),
('13203', 'FLORES SOTO ESTRELLITA ABIGAIL', 'Operador de Produccion'),
('13206', 'PEREZ ENRIQUEZ ANGEL DANIEL', 'Operador de Produccion'),
('13208', 'PADILLA ALVARADO MARTIN MIGUEL', 'Operador de Produccion'),
('13212', 'DIAZ ARAGON JOSE RAMON', 'Operador de Produccion'),
('13214', 'PINEDA CAMPOS LISBETH', 'Operador de Produccion'),
('13219', 'RUBIO BURGOS KARLA JAZMIN', 'Operador de Produccion'),
('13222', 'BERNAL MAZON ADRIANA GUILLERMINA', 'Inspector de Control de Calidad'),
('13228', 'MARTINEZ TRIAS ALAN GERARDO', 'Operador de Produccion'),
('13230', 'PINO OSORIO MARCOS DANIEL', 'Operador de Produccion'),
('13234', 'GONZALEZ LOPEZ NAYDELINE', 'Operador de Produccion'),
('13235', 'VALENZUELA CRUZ EDGAR ANTONIO', 'Operador de Produccion'),
('13237', 'GIL BURBOA PAULINA BELEN', 'Operador de Produccion'),
('13245', 'CHAPARRO AVILEZ JONATHAN ALEXIS', 'Operador de Produccion'),
('13251', 'BORBON YOCUPICIO ITZEL ZAYETZY', 'Operador de Produccion'),
('13258', 'SANCHEZ MORENO MYA NEFTALY', 'Operador de Produccion'),
('13261', 'RUELAS LUQUE MARIA JOSE', 'Operador de Produccion'),
('13263', 'ALVAREZ SANDOVAL IVAN ALEXIS', 'Operador de Produccion'),
('13264', 'RAMIREZ OCHOA BRIAN', 'Inspector de Control de Calidad'),
('13268', 'VERDUGO OZUNA AMBAR JULIANA', 'Inspector de Control de Calidad'),
('13277', 'VELARDE ABRIL ROSARIO MARIEL', 'Operador de Produccion'),
('13282', 'OLIVAS BALMACEDA LUIS FERNANDO', 'Inspector de Control de Calidad'),
('13286', 'IBARRA ALEMAN CRISTAL', 'Operador de Produccion'),
('13289', 'CORRAL ESCALANTE JHENIFER GUADALUPE', 'Jefe de Grupo'),
('13292', 'CERON ROMERO BLANCA ESTHELA', 'Operador de Produccion'),
('13293', 'ALVAREZ VALENZUELA ALVARO GUADALUPE', 'OPERADOR DE MAQUINAS DE CORTE'),
('13300', 'JIMENEZ CORONADO EDNA LORENIA', 'Operador de Produccion'),
('13301', 'GARCIA ORTEGA JORGE IDELFONSO', 'Inspector de Control de Calidad'),
('13302', 'MARTINEZ ORNELAS JOSE ANTONIO', 'Operador de Produccion'),
('13305', 'PARRA LUQUE FERNANDA GUADALUPE', 'Operador de Produccion'),
('13307', 'LUGO VALENZUELA CRISTINA GRISEL', 'Operador de Produccion'),
('13308', 'CARRILLO BALDENEBRO ALEJANDRA', 'Operador de Produccion'),
('13309', 'ALVARADO CAMEZ DAISY VIANEY', 'Operador de Produccion'),
('13311', 'LOPEZ OSUNA KARLA JULIA', 'Operador de Produccion'),
('13313', 'GARCIA AYALA YARITZA AZUCENA', 'Operador de Produccion'),
('13315', 'QUINTERO CERVANTES GERARDO ALBERTO', 'Operador de Produccion'),
('13317', 'MOCTEZUMA SARMIENTO ROMAN', 'Conserje'),
('13319', 'VIZCARRA GONZALEZ ANA GABRIELA', 'Operador de Produccion'),
('13330', 'OSUNA CALLEJA VIRGINIA ALICIA', 'Operador de Produccion'),
('13334', 'LEON CERVANTES CEILA JUDITH', 'Inspector de Control de Calidad'),
('13335', 'MENDEZ GONZALEZ MARLEN VIVIANA', 'Operador de Produccion'),
('13336', 'ESQUIVEL QUIÑONES BRAYAN ERUBIEL', 'Inspector de Control de Calidad'),
('13337', 'LUGO PADILLA ALEJANDRA GUADALUPE', 'Operador de Produccion'),
('13342', 'HERNANDEZ GARCIA BLANCA NIEVES', 'Operador de Produccion'),
('13343', 'VILLEGAS ALVAREZ EVELIN MARISOL', 'Operador de Produccion'),
('13344', 'VILLEGAS ALVAREZ ANGELES MARILU', 'Operador de Produccion'),
('13351', 'FLORES ALCARAZ ANGEL ARMANDO', 'Inspector de Control de Calidad'),
('13353', 'MATA DESIDERIO ERIK JAIR', 'Operador de Produccion'),
('13354', 'RODRIGUEZ DURAN MICHELLE VALERIA', 'Operador de Produccion'),
('13356', 'SERNA ALVARADO YARELI YOSELINE', 'Operador de Produccion'),
('13357', 'SANABA PEREZ SINTHIA YAMILET', 'Operador de Produccion'),
('13359', 'LOPEZ FIERRO DANIEL FERNANDO', 'Operador de Produccion'),
('13361', 'BUITIMEA ALCANTAR SAYRA ISABEL', 'Inspector de Control de Calidad'),
('13371', 'GARCIA LOPEZ DANIEL IMANOL', 'MATERIALISTA'),
('13373', 'VAZQUEZ ORDOÑES MAURO RAYDIEL', 'OPERADOR DE MAQUINAS DE CORTE'),
('13377', 'CANCHOLA GARCIA MARIA CONCEPCION', 'Operador de Produccion'),
('13378', 'CRUZ HUARAQUI SALMA EDITH', 'Operador de Produccion'),
('13379', 'ZATARAIN MEZA MICHEL CLARISSA', 'Operador de Produccion'),
('13380', 'SOTO MONTERO MANUEL', 'Jefe de Grupo'),
('13381', 'RAMIREZ RENTERIA ALONDRA', 'Operador de Produccion'),
('13383', 'LUNA MEDRANO YULISSA', 'Operador de Produccion'),
('13384', 'ARMENDARIZ RAMIREZ ITZEL', 'Operador de Produccion'),
('13388', 'DUARTE ALCANTAR RAUL', 'Operador de Produccion'),
('13392', 'ESPARZA CAMACHO MELISSA GUADALUPE', 'Operador de Produccion'),
('13394', 'COTA GARCIA GUADALUPE', 'Operador de Produccion'),
('13395', 'CASTILLO MONTES MERCEDES TRINIDAD', 'Operador de Produccion'),
('13397', 'FELIX MONTAÑO NAOMI', 'Servicio al Cliente'),
('13398', 'DUARTE RESENDIZ LAILA AYELEN', 'Operador de Produccion'),
('13403', 'OVIEDO QUINTERO PERLA ESMERALDA', 'Operador - Entrenamiento'),
('13410', 'ALVAREZ COLORADO JOSE ANGEL', 'Operador de Produccion'),
('13413', 'VALENZUELA VALDEZ HUMBERTO', 'Operador de Produccion'),
('13415', 'FRANCO VALENZUELA EVELYN DANITZA', 'Operador de Produccion'),
('13417', 'LEYVA MORENO MYRNA JUDITH', 'Operador de Produccion'),
('13422', 'LOPEZ GASTELUM EDNA NALLELY', 'Operador de Produccion'),
('13423', 'JOCOBI RUIZ LUZ DENISSE', 'Operador de Produccion'),
('13425', 'QUINTERO ROJO MAXI EVELIN', 'Operador de Produccion'),
('13429', 'GUZMAN RIVAS YANCELI CAROLLINA', 'Operador de Produccion'),
('13434', 'MAGALLANES RODRIGUEZ JORGE ALBERTO', 'Operador de Produccion'),
('13437', 'YOCUPICIO VERDUGO PERLA MARIA SARAH', 'Operador de Produccion'),
('13438', 'ROMERO CORDOBA MAGNOLIA', 'Operador de Produccion'),
('13441', 'RODRIGUEZ MONTEJANO CARMEN ALEJANDR', 'Operador de Produccion'),
('13445', 'ESPINOZA ORTIZ KENYA JAQUELINE', 'Operador de Produccion'),
('13447', 'JUAREZ OZUNA ALEXA ANAHI', 'Operador de Produccion'),
('13449', 'OLEA HERNANDEZ DANIEL ALEXANDER', 'Operador de Produccion'),
('13456', 'MANI MIRANDA YAHIR AARON', 'MATERIALISTA'),
('13458', 'DOUMERC RODELO JOSUE UZZIEL', 'Operador de Produccion'),
('13461', 'ANDRADE GARCIA PATRICIA ANGELICA', 'Operador de Produccion'),
('13463', 'MONTIEL MOROYOQUI JENIFER SOBEIDA', 'Operador de Produccion'),
('13465', 'PARRA MOLINA MIRIAM KARINA', 'Operador de Produccion'),
('13466', 'HIGUERA PALOMARES JORGE ENRIQUE', 'Manejador de Materiales'),
('13468', 'GARCIA GONZALEZ KARINA YARELY', 'Operador de Produccion'),
('13470', 'VALENZUELA VALENZUELA FRANCISCA BER', 'Operador de Produccion'),
('13471', 'NAVARRETE ZAVALA YARETZY GUADALUPE', 'Operador de Produccion'),
('13473', 'ATONDO GIL IRIS VALERIA', 'OPERADOR DE MAQUINAS DE CORTE'),
('13476', 'HERLINDO TORRUCO JAVIER DE JESUS', 'Operador de Produccion'),
('13478', 'RUIZ REYNOSA EVELYN', 'Operador de Produccion'),
('13479', 'RAMIREZ RUIZ JUAN DIEGO', 'Operador de Produccion'),
('13481', 'GUTIERREZ ISABEL SANDRA ROXANA', 'Operador de Produccion'),
('13483', 'OLMEDA FONTES MAYRA GABRIELA', 'Operador de Produccion'),
('13485', 'MARQUEZ AYALA LILIANA', 'Ingeniero de Control de Calidad'),
('13486', 'SOSA LOZANO ANTONIO ALBERTO', 'Ingeniero de Manufactura'),
('13489', 'CHIQUETE LOPEZ ALEJANDRA', 'Operador de Produccion'),
('13490', 'BARRERAS CAZARES YESENIA', 'Inspector de Control de Calidad'),
('13491', 'VALENZUELA GONZALEZ MELANIE JHOANNA', 'Operador - Entrenamiento'),
('13492', 'BARRAZA NAVARRETE PERLA ROCIO', 'Jefe de Grupo'),
('13495', 'VALENCIA NEVAREZ KASANDRA GUADALUPE', 'Operador de Produccion'),
('13497', 'MARTINEZ ARAGON DIANA YOLOTZIN', 'Operador de Produccion'),
('13501', 'ALVAREZ MENDOZA MADIAN DEYANIRA', 'Operador de Produccion'),
('13503', 'AYALA VILLEGAS ERIKA MARLENE', 'Operador de Produccion'),
('13504', 'GARCIA NIEBLAS VICTOR ADAN', 'Operador de Produccion'),
('13509', 'VALENZUELA JIMENEZ PEDRO', 'Operador de Produccion'),
('13511', 'MUÑOZ GARCIA MOISES ALONSO', 'Comprador'),
('13512', 'ARMENDARIZ SALDAÑA DARICZA YERALDIN', 'Operador de Produccion'),
('13514', 'DUARTE ESTRADA HANNAH ELIZABETH', 'Operador de Produccion'),
('13515', 'RODRIGUEZ CARLON RICARDO', 'Operador de Produccion'),
('13516', 'MOROYOQUI GOCOBACHI CESAR ANTONIO', 'Operador de Produccion'),
('13518', 'CAZARES GARCIA EMMA YOHANA', 'Inspector de Control de Calidad'),
('13519', 'CANTU RUIZ SARA ALICIA', 'Operador de Produccion'),
('13520', 'FIERRO ARGUELLES MARIA IMELDA', 'Operador de Produccion'),
('13521', 'MILLAN VALENZUELA JULIAN', 'Operador de Produccion'),
('13524', 'ACOSTA GARCIA ARELY JAMILETH', 'Operador de Produccion'),
('13525', 'RAMIREZ HOLLMAN JUAN DIEGO', 'Operador de Produccion'),
('13534', 'FUENTES VALENZUELA PATRICIA ALEIDA', 'Operador de Produccion'),
('13537', 'ROSAS HERNANDEZ LUIS MIGUEL', 'Operador de Produccion'),
('13540', 'MEDINA FIGUEROA BEATRIZ CLEMENCIA', 'Operador de Produccion'),
('13545', 'VALENZUELA VALENZUELA SERGIO DANIEL', 'Operador de Produccion'),
('13547', 'GIL MANCINAS JESUS DARIO', 'Operador de Produccion'),
('13548', 'GAMEZ OSORNIO MARIA CAROLINA', 'Operador de Produccion'),
('13551', 'VERDUGO VALENZUELA DULCE BEATRIZ', 'Operador de Produccion'),
('13556', 'SOTO VALENZUELA DULCE JAZMIN', 'Operador de Produccion'),
('13560', 'MARTINEZ CARRASCO JHONATAN IVAN', 'Operador de Produccion'),
('13561', 'CARRERA ANTONIO LUIS ESTEBAN', 'OPERADOR DE MAQUINAS DE CORTE'),
('13572', 'CAMACHO CASTRO MARIA FERNANDA', 'Operador de Produccion'),
('13577', 'MORENO LOPEZ ALEJANDRA', 'Inspector de Control de Calidad'),
('13580', 'MARTINEZ DIAZ FLOR DE DALIA', 'Entrenador'),
('13584', 'PEREZ BACASEHUA BERENICE', 'Operador de Produccion'),
('13587', 'VALDEZ ALTAMIRANO JAVIER ALEXIS', 'Manejador de Materiales'),
('13589', 'HERMENEGILDO CONTRERAS PATRICIA', 'Operador de Produccion'),
('13595', 'GONZALEZ LOPEZ ELIZABETH', 'Operador de Produccion'),
('13596', 'SOLORZANO FLORES PAOLA MARISOL', 'Operador de Produccion'),
('13597', 'HERNANDEZ OSORIO JULIA', 'Operador de Produccion'),
('13598', 'LUNA GRANIEL LUIS MIGUEL', 'Operador de Produccion'),
('13599', 'LOPEZ RUIZ LEOVANI VALENTIN', 'Operador de Produccion'),
('13600', 'GODINEZ VALENZUELA SUGEY TRINIDAD', 'Operador de Produccion'),
('13602', 'SOMBRA BAYPOLI SAMUEL ADOLFO', 'OPERADOR DE MAQUINAS DE CORTE'),
('13604', 'FIGUEROA PARRA MARIA DE LOS ANGELES', 'Operador de Produccion'),
('13605', 'CASTILLO MEDINA VALERIA ADILENE', 'Comprador'),
('13607', 'CAMPOY VALDEZ CASANDRA', 'Operador de Produccion'),
('13614', 'SORIA GUERRERO NORBERTA', 'Operador de Produccion'),
('13615', 'ACUÑA RENTERIA NAILYN', 'Operador de Produccion'),
('13616', 'SANCHEZ RUEDA SANDRA IVETT YOSELIN', 'Operador de Produccion'),
('13620', 'ROMAN MEJIA ITZEL VIOLETA', 'Operador de Produccion'),
('13621', 'ORTEGA YOCUPICIO LUIS FERNANDO', 'Operador de Produccion'),
('13622', 'SOMBRA COSME YONATHAN ADAHIR', 'Operador de Produccion'),
('13625', 'MORENO HUERTA JABBAR FABIAN AKBAR', 'Operador de Produccion'),
('13630', 'ACOSTA LOPEZ LIZETH IOVANNA', 'Operador de Produccion'),
('13634', 'RUIZ CASILLAS PATRICIA', 'Operador de Produccion'),
('13635', 'ZAMORANO ESTRADA PAULINA BETSABE', 'Inspector de Control de Calidad'),
('13636', 'VALENZUELA SOTO NATALY LIZBETH', 'Operador de Produccion'),
('13641', 'OLIVAS LOPEZ MARIA DEL ROSARIO', 'Operador de Produccion'),
('13642', 'RIVERA MATA JESUS ALAN', 'Operador de Produccion'),
('13645', 'SANTAMARIA ROMERO RICARDO DAREY', 'Operador de Produccion'),
('13646', 'SILVA CARRILLO AARON NEFFTALY', 'Operador de Produccion'),
('13649', 'SOLANO RAMIREZ INGRID MARIA', 'Operador de Produccion'),
('13651', 'OLEA NAVARRO JOSE LUIS', 'Operation Controller'),
('13655', 'ZAZUETA LOPEZ CINDY', 'Operador de Produccion'),
('13656', 'COTA VERDUGO CECILIA DAYANA', 'Operador de Produccion'),
('13657', 'MILLANES VALENZUELA JUANA MARIA', 'Inspector de Control de Calidad'),
('13660', 'POLANCO GUTIERREZ KAROLINA ADILENE', 'Operador de Produccion'),
('13665', 'ESCALANTE OCAMPO ANDREA', 'Operador de Produccion'),
('13668', 'OLIVAS VILLA YARLIN ARACELY', 'Operador de Produccion'),
('13669', 'VILLA GUTIERREZ LIBIA GABRIELA', 'Operador de Produccion'),
('13670', 'VELAZQUEZ FELIX ZAARA GUADALUPE', 'Operador de Produccion'),
('13673', 'AGUILAR GIL ANEL KASSANDRA', 'Operador de Produccion'),
('13674', 'AGUILAR GIL LUZ YULISSA', 'Operador de Produccion'),
('13675', 'LOZANO FONLLEM DORA IRMA', 'Ingeniero de Control de Calidad'),
('13676', 'URIAS MENDOZA JOSE EDUARDO', 'Supervisor de Produccion'),
('13678', 'LOPEZ NEBUAY JOSE SANTOS', 'Operador de Produccion'),
('13679', 'ROMERO TORRES NORMA ALICIA', 'Inspector de Control de Calidad'),
('13684', 'VALENZUELA PEREA JAIME', 'Operador de Produccion'),
('13687', 'SOLANO VIZCARRA JORGE ALBERTO', 'Operador de Produccion'),
('13690', 'COTA VALENZUELA GLORIA GUADALUPE', 'Operador de Produccion'),
('13691', 'GONZALEZ PEREZ CECILIA', 'Operador de Produccion'),
('13692', 'VERDUGO BUITIMEA MARIA JOSE', 'Operador de Produccion'),
('13693', 'FABIAN HERNANDEZ MAGALI', 'Operador de Produccion'),
('13698', 'LUGO OSUNA TADEO', 'Operador de Produccion'),
('13699', 'ESPINOZA EVANS GILDARDO ENRIQUE', 'Operador de Produccion'),
('13700', 'BARRAZA GARCIA JOSE ARMANDO', 'Conserje'),
('13704', 'GUTIERREZ HERNANDEZ MARIA LUISA', 'Operador de Produccion'),
('13708', 'RODRIGUEZ VAZQUEZ MARIA DEL CARMEN', 'Conserje'),
('13711', 'ROMERO COTA LILIA MARGARITA', 'Operador de Produccion'),
('13713', 'ANGUAMEA MONRROY ERIKA IVET', 'Operador de Produccion'),
('13718', 'VERDUGO BACASEGUA MERCEDES DANIELA', 'Operador de Produccion'),
('13720', 'ROMERO SALAS NOHELIA GABRIELA', 'Operador de Produccion'),
('13721', 'ALVAREZ ZUÑIGA LUIS PABLO', 'OPERADOR DE MAQUINAS DE CORTE'),
('13724', 'JUSAINO CONTRERAS HILDA MARISELA', 'Operador de Produccion'),
('13728', 'PALOMARES ALAMEA ANGEL ABRAHAM', 'Operador de Produccion'),
('13731', 'MALDONADO FRANCO ELIUD JARED', 'Operador de Produccion'),
('13733', 'MARQUEZ MANUEL JUAN', 'Operador de Produccion'),
('13738', 'ALVARADO FIGUEROA AARON ARIEL', 'OPERADOR DE MAQUINAS DE CORTE'),
('13739', 'LEON  CARLOS NOE', 'OPERADOR DE MAQUINAS DE CORTE'),
('13740', 'CANTU RASCON LEASIM ANDREA', 'OPERADOR DE MAQUINAS DE CORTE'),
('13741', 'MEZA HERNANDEZ ALEXIS', 'OPERADOR DE MAQUINAS DE CORTE'),
('13743', 'ARCINIEGA BECERRA JOHANNA ROSSALY', 'Operador de Produccion'),
('13744', 'HERNANDEZ CASTRO ERICK ULISES', 'Operador de Produccion'),
('13745', 'LOPEZ VERDUGO LUZ MAGDALENA', 'Inspector de Control de Calidad'),
('13747', 'LOPEZ VILLEGAS MARIA JUDITH', 'Operador de Produccion'),
('13748', 'PARTIDA HERRERA KEVIN ANTONI', 'Operador de Produccion'),
('13750', 'ANDRACA DE LA CRUZ ANGEL ESTEBAN', 'Operador de Produccion'),
('13755', 'COTA QUIÑONES JESUS GILBERTO', 'Operador de Produccion'),
('13756', 'MAULION PARRA EDGAR GIOVANNY', 'Operador de Produccion'),
('13759', 'VALENZUELA ZUÑIGA JESUS ALBERTO', 'Operador de Produccion'),
('13760', 'FRAYRE VALADEZ JUAN JOSE', 'Operador de Produccion'),
('13761', 'FRAYRE VALADEZ ALONDRAH RUBI', 'Operador de Produccion'),
('13762', 'PARRA GAXIOLA BRYAN SAID', 'Operador de Produccion'),
('13763', 'ZEPEDA GARCES KEILA', 'Operador de Produccion'),
('13765', 'GARCIA BARRAZA GUADALUPE ADILENE', 'Operador de Produccion'),
('13766', 'PEREZ ALVAREZ CLAUDIA CECILIA', 'Operador de Produccion'),
('13768', 'GASTELUM GARCIA JOSE ANGEL', 'Inspector de Control de Calidad'),
('13769', 'FUENTES ARMENTA FIDEL JOSAFAT', 'OPERADOR DE MAQUINAS DE CORTE'),
('13774', 'CAMPOS BARRERAS YERANDERY ADILENE', 'Operador - Entrenamiento'),
('13777', 'VALENCIA OSORIO MELISSA', 'Operador de Produccion'),
('13778', 'LEYVA LARA JOSE CENOBIO', 'OPERADOR DE MAQUINAS DE CORTE'),
('13781', 'BALDERRAMA AVILA JOSE FRANCISCO', 'Operador de Produccion'),
('13786', 'ALAMEA ALVAREZ JESUS ADRIAN', 'Inspector de Control de Calidad'),
('13787', 'PEREZ JIMENEZ KEVIN GUADALUPE', 'Operador de Produccion'),
('13788', 'MONGE CARRILLO GERMAN EDUARDO', 'Manejador de Materiales'),
('13789', 'PEÑA RUIZ RODRIGO ALEJANDRO', 'Operador de Produccion'),
('13790', 'CERVANTE SANCHEZ NORALBA', 'Operador de Produccion'),
('13792', 'GONZALEZ HERNANDEZ KAREN BRISEEIDA', 'Operador de Produccion'),
('13795', 'ALVAREZ LOPEZ ALONDRA ANGELICA', 'Operador de Produccion'),
('13797', 'RIOS LEYVA OLIVER ISRAEL', 'OPERADOR DE MAQUINAS DE CORTE'),
('13798', 'ARREDONDO JUAREZ HECTOR JOSE', 'Operador de Produccion'),
('13802', 'SALAZAR REYES ASUNCION DE MARIA', 'Operador de Produccion'),
('13807', 'DIAZ GUTIERREZ KIMBERLY JAMILETH', 'Operador de Produccion'),
('13808', 'TORRES LOPEZ JESUS ENRIQUE', 'Operador de Produccion'),
('13809', 'FRANCO CORDOVA ANETTE VICTORIA', 'Operador de Produccion'),
('13810', 'ESCALANTE TRUJILLO FLOR YURIDIA', 'Operador de Produccion'),
('13811', 'ESCALANTE TRUJILLO BRITTNE RUBY', 'Operador de Produccion'),
('13812', 'ORTEGA BUITIMEA LAURA', 'Operador de Produccion'),
('13817', 'LOPEZ LOPEZ JOSE MANUEL', 'Operador de Produccion'),
('13818', 'AYALA CANTUA DIEGO GERARDO', 'Operador de Produccion'),
('13819', 'FIERROS LOPEZ JOSE ERNESTO', 'Operador de Produccion'),
('13820', 'HERNANDEZ HERRERA LUIS ALBERTO', 'Operador de Produccion'),
('13821', 'RAMIREZ CAMACHO JAVIER ALEXIS', 'Operador de Produccion'),
('13823', 'TAJIA PARRA MAYRA JANETH', 'OPERADOR DE MAQUINAS DE CORTE'),
('13824', 'VERDIN VILLALOBOS JESUS CRISTOBAL', 'OPERADOR DE MAQUINAS DE CORTE'),
('13827', 'LOPEZ YOCUPICIO MARGARITA', 'Inspector de Control de Calidad'),
('13830', 'MENDOZA RIVAS IMELDA MARIA', 'Operador de Produccion'),
('13832', 'XELHUA TECALERO JUANA', 'Operador de Produccion'),
('13835', 'RAMIREZ LEON RAUL', 'Operador de Produccion'),
('13836', 'ROJAS GUZMAN OSCAR IVAN', 'Operador de Produccion'),
('13837', 'FLORES PORTILLO OCTAVIO', 'Operador de Produccion'),
('13839', 'VILLARREAL RENTERIA BLANCA ALICIA', 'Operador de Produccion'),
('13841', 'ROCHA HERRERA CINDI JOHANA', 'Operador de Produccion'),
('13844', 'ESCALANTE ALVAREZ ZAMANDA CECILIA', 'Operador de Produccion'),
('13850', 'SOTO MOTA CELIA MONICA', 'Operador de Produccion'),
('13851', 'MEDINA DIAZ MIGUEL ANGEL', 'Operador de Produccion'),
('13860', 'OLEA PACHECO JESUS ADOLFO', 'Operador de Produccion'),
('13863', 'CALDERON CAMPAS OSMAR EINER', 'Operador de Produccion'),
('13864', 'JIMENEZ ONTIVEROS ALEXA JOHANA', 'Operador de Produccion'),
('13866', 'LIZARRAGA GONZALEZ MIGUEL ANGEL', 'Operador de Produccion'),
('13868', 'PEREZ HERNANDEZ DAVID ANTONIO', 'Operador de Produccion'),
('13870', 'LOPEZ TERAN PERLA LIZETH', 'Operador de Produccion'),
('13873', 'ROMERO LEYVA JACQUELINE', 'Inspector de Control de Calidad'),
('13874', 'AMPARO GONZALEZ ROMAN ALEXIS', 'Inspector de Control de Calidad'),
('13875', 'ROBLES ROJAS AYLEE VIVIANA', 'Operador de Produccion'),
('13876', 'ACOSTA POLANCO DAYANARA', 'Operador de Produccion');
INSERT INTO `empleados_maestra` (`numero_empleado`, `nombre_completo`, `puesto`) VALUES
('13881', 'ALBARES VALENZUELA SHIRLEY BERENICE', 'Operador de Produccion'),
('13882', 'MENDOZA ESPARZA HECTOR MANUEL', 'Ingeniero de Control de Calidad'),
('13883', 'CHAIREZ TREJO JESUS ANGEL', 'Supervisor de Produccion'),
('13884', 'HERNANDEZ HIPOLITO JUAN MARCOS', 'Operador de Produccion'),
('13886', 'CERVANTES TREJO ALEXIS HILARIO', 'Operador de Produccion'),
('13889', 'QUINTANA CHAVEZ CHRISTIAN DANIELA', 'Operador de Produccion'),
('13891', 'OCHOA YEVIZMEA NADYA VENEZZIA', 'Operador de Produccion'),
('13895', 'AGUERO RODRIGUEZ EDGAR RANGEL', 'Operador de Produccion'),
('13898', 'QUIÑONES ORTIZ FERNANDA', 'Operador de Produccion'),
('13899', 'ALVARADO MORENO ALEJANDRA', 'Operador de Produccion'),
('13900', 'ALCARAZ BASOPOLI CARLOS DANIEL', 'Operador de Produccion'),
('13901', 'LOPEZ SANCHEZ JOSE FERNANDO', 'Operador de Produccion'),
('13902', 'PIÑA ACOSTA JESUS ABRAHAM', 'Manejador de Materiales'),
('13903', 'PALOMARES SOMBRA MARCOS GUSTAVO', 'Operador de Produccion'),
('13904', 'ALVAREZ GARCIA JAQUELYN CAROLINA', 'Operador de Produccion'),
('13907', 'LICEA ZAMBRANO LUIS ALBERTO', 'Operador de Produccion'),
('13911', 'GALAVIZ RODRIGUEZ JOSE ALFREDO', 'Operador de Produccion'),
('13912', 'GARCIA FELIX ALEXANDER', 'Operador de Produccion'),
('13914', 'CHAVEZ RENDON JOSE ANTONIO', 'Operador de Produccion'),
('13919', 'HERNANDEZ BECERRA YUSETH ARIADNE', 'Operador de Produccion'),
('13920', 'LOPEZ SANTOS UMILEIDY MELIXA', 'Operador de Produccion'),
('13924', 'ARCE FELIX JESUS GUADALUPE', 'Operador de Produccion'),
('13929', 'DE LA ROSA GONZALEZ LESLIE MARILI', 'Operador de Produccion'),
('13930', 'MORALES VILLALOBOS KARLA GENOVEVA', 'Operador de Produccion'),
('13932', 'BAZAN GONZALEZ ELIZABETH', 'Operador de Produccion'),
('13933', 'LOPEZ MIRANDA LUIS GABRIEL', 'Supervisor de Produccion'),
('13934', 'VEGA SANCHEZ LESLYE VANESSA', 'Operador de Produccion'),
('13935', 'PARRA MOROYOQUI JOSE FERNANDO', 'Operador de Produccion'),
('13940', 'GONZALEZ ARMENTA EDEN YAIR', 'Operador de Produccion'),
('13941', 'ORTEGA BUITIMEA MARGARITA', 'Operador de Produccion'),
('13945', 'GONZALEZ SANCHEZ DIANA PATRICIA', 'Operador de Produccion'),
('13946', 'IBARRA HERNANDEZ JAIRO ALEJANDRO', 'Operador de Produccion'),
('13949', 'SANTAMARIA RAMIREZ MELINA YAZMIN', 'Operador de Produccion'),
('13953', 'HERNANDEZ VELAZQUEZ JOSE MARIA', 'Operador de Produccion'),
('13954', 'CORONADO BOJORQUEZ LESLIE ANAHI', 'Operador de Produccion'),
('13957', 'LOPEZ LERMA YESSICA MICHEL', 'Operador de Produccion'),
('13958', 'ORNELAS CARRILLO SILVIA ESMERALDA', 'Operador de Produccion'),
('13959', 'FRANCO RENDON FRANCISCA YANET', 'Operador de Produccion'),
('13960', 'MARTINEZ DURAZO JUAN ADALBERTO', 'Auxiliar de Mantenimiento'),
('13962', 'VALENZUELA RAMIREZ EDGAR ABRAHAM', 'Operador de Produccion'),
('13964', 'CAMPOS AGUILAR ALONDRA MILAGROS', 'Operador de Produccion'),
('13966', 'REYES GARCIA JULIA', 'Operador de Produccion'),
('13969', 'BERMUDEZ GARCIA CARLOS DANIEL', 'Operador de Produccion'),
('13971', 'CORTEZ PADILLA JESUS RODOLFO', 'Operador de Produccion'),
('13978', 'QUIJADA ORTIZ LIZBETH GUADALUPE', 'Operador de Produccion'),
('13981', 'SOTO LOPEZ MARIA GRISELDA', 'Operador de Produccion'),
('13982', 'FLORES GASTELUM WILVER ISAIAS', 'Operador de Produccion'),
('13983', 'LOPEZ HERNANDEZ REYNA ESMERALDA', 'Operador de Produccion'),
('13984', 'GASTELUM LOPEZ ALEXANDRA', 'Operador de Produccion'),
('13985', 'CERECER VAZQUEZ ADRIAN', 'Inspector de Control de Calidad'),
('13986', 'MELENDREZ CAÑEDO LIZET GUADALUPE', 'Operador de Produccion'),
('13987', 'MARTINEZ GIL MINA ISABELLA', 'OPERADOR DE MAQUINAS DE CORTE'),
('13988', 'GIL LOPEZ GRECIA GUADALUPE', 'Operador de Produccion'),
('13992', 'SOTO BAUTISTA MARIA ESMERALDA', 'Operador de Produccion'),
('13993', 'GARCIA QUIÑONEZ LILIANA DENISSE', 'Operador de Produccion'),
('13995', 'COTA PORTILLO KEVIN ORLANDO', 'Operador de Produccion'),
('13998', 'GOMEZ MARTINEZ NICOLAS', 'Operador de Produccion'),
('14000', 'GARCIA MIRANDA LUIS DALINLLER', 'Manejador de Materiales'),
('14003', 'PERAZA FIGUEROA JORGE VALENTIN', 'OPERADOR DE MAQUINAS DE CORTE'),
('14005', 'PERAZA FIGUEROA ROSA ISAURA', 'Operador de Produccion'),
('14006', 'CAMPOS VASQUEZ JOHANA LIZETH', 'Operador de Produccion'),
('14007', 'DE LA ROSA LABORIN PABLO SERGIO', 'Operador de Produccion'),
('14008', 'MIRANDA COTA MARIA ANTONIA', 'Operador de Produccion'),
('14011', 'AYALA LEYVA YULEIDDY ELIZABETH', 'Operador de Produccion'),
('14012', 'LOPEZ HERNANDEZ CLARISA HAYDEE', 'Operador de Produccion'),
('14013', 'RODRIGUEZ RUIZ EDUARDO ALFONSO', 'MATERIALISTA'),
('14014', 'YOCUPICIO ARANDA EDGARD REYNALDO', 'Operador de Produccion'),
('14015', 'MEZA ANDRADE INES DENISSDERE', 'Operador de Produccion'),
('14016', 'FRANCO PINACHO CELENE', 'Operador de Produccion'),
('14017', 'MARQUEZ OSUNA JESUS MEDARDO', 'Operador de Produccion'),
('14018', 'ESQUIVEL ROMERO JOSE MARIO', 'Manejador de Materiales'),
('14021', 'VALENZUELA AYALA ABIGAIL', 'Operador de Produccion'),
('14023', 'REYES LEMUS NATCEL YARELI', 'Operador de Produccion'),
('14026', 'ALCANTAR VERDUGO ZULIANA MARIA', 'Operador de Produccion'),
('14027', 'BELTRAN BAEZ YETSI YELARDI', 'Operador de Produccion'),
('14028', 'ROSALES GAMEZ JORGE ALBERTO', 'Operador de Produccion'),
('14034', 'SOTO REYES ESMERALDA LISBETH', 'Operador de Produccion'),
('14036', 'CHAVEZ GOMEZ RUBEN ANTONIO', 'Operador de Produccion'),
('14040', 'ROMERO CASTAÑEDA ALICIA LIZETH', 'Operador de Produccion'),
('14041', 'ARMENTA RANGEL JUAN DIEGO', 'Manejador de Materiales'),
('14044', 'CASILLAS LOPEZ JAZMIN SUJEY', 'Operador de Produccion'),
('14046', 'HERNANDEZ VALENZUELA VIVIAN', 'Operador de Produccion'),
('14048', 'HERRERA TORRECILLAS JOSELINE ARACEL', 'Operador de Produccion'),
('14050', 'CANO ROCHA NERY ANA', 'Operador de Produccion'),
('14051', 'PEDRAZA LIRA JUAN MANUEL', 'ANALISTA DE ADUANA'),
('14056', 'MARTINEZ VALENZUELA LLUVIA ARACELY', 'Operador de Produccion'),
('14062', 'VALENZUELA LOPEZ LUIS MARIO', 'Operador de Produccion'),
('14065', 'GALAVIZ VILLA ELIZABETH', 'Operador de Produccion'),
('14066', 'VALENZUELA MARTINEZ GABRIEL ANTONIO', 'Operador de Produccion'),
('14068', 'MIRANDA VALDEZ JORGE EDUARDO', 'Operador de Produccion'),
('14069', 'VALENCIA YEVISMEA JULIAN FRANCISCO', 'Operador de Produccion'),
('14070', 'VALENZUELA FOX RAMONA DAYANA', 'Operador de Produccion'),
('14071', 'LORENZO LOPEZ MELINA GUADALUPE', 'Operador de Produccion'),
('14073', 'BERNAL MARTINIE LLUVIA', 'Operador de Produccion'),
('14074', 'SANCHEZ CURIEL ANA SOFIA', 'Operador de Produccion'),
('14075', 'REYES REYES ARIANA MAITE', 'Operador de Produccion'),
('14078', 'URETA SOBERANEZ JESUS GERARDO', 'Operador de Produccion'),
('14081', 'FELIX ISLAS BRANDON', 'Inspector de Control de Calidad'),
('14083', 'CONTRERAS MACHADO YESENIA', 'Operador de Produccion'),
('14086', 'YOCUPICIO BAUMEA YOSELIN GUADALUPE', 'Operador de Produccion'),
('14088', 'TAUTIMES BARRERA DIANA LIZETH', 'Operador de Produccion'),
('14090', 'AGUIRRE PEREZ YARELI BERENICE', 'Operador de Produccion'),
('14091', 'MIRANDA MENDIVIL ELIA MARIA', 'Operador de Produccion'),
('14093', 'ORTIZ VALENZUELA ELIZABETH', 'Operador de Produccion'),
('14096', 'PARRA CARDENAS JOSE GUADALUPE', 'Operador de Produccion'),
('14098', 'IBARRA ESCALANTE HEIDY NAOMI', 'Operador de Produccion'),
('14101', 'MARCIAL MOROYOQUI ALEXIS URIEL', 'Operador de Produccion'),
('14102', 'BECERRA GUZMAN JORGE MIGUEL', 'Operador de Produccion'),
('14103', 'CONTRERAS YOCUPICIO KARIM MISSAEL', 'Operador de Produccion'),
('14107', 'SANTOS MERAZ SAYLU JANETH', 'Operador de Produccion'),
('14110', 'ROMAN VALENZUELA LIZBETH GUADALUPE', 'Operador de Produccion'),
('14112', 'TUCUN LOPEZ MANUEL', 'Operador de Produccion'),
('14115', 'LOPEZ CASTRO BRAYANT CUTBERTO', 'MATERIALISTA'),
('14116', 'LOPEZ VALENZUELA DANIEL ALEJANDRO', 'Conserje'),
('14117', 'FIGUEROA ESPERICUETA JESUS ENRIQUE', 'Operador de Produccion'),
('14118', 'AYALA ESPERICUETA JONATHAN ALZAK', 'Operador de Produccion'),
('14121', 'VALENZUELA VALENZUELA KARLA SUCETH', 'Operador de Produccion'),
('14123', 'IBARRA LOPEZ EMMANUEL', 'Operador de Produccion'),
('14125', 'AYALA PRIETO LIZBETH', 'Operador de Produccion'),
('14126', 'YEPIZ ALVARADO MAYRANI JAMILETH', 'Operador de Produccion'),
('14127', 'CAMPOS LOPEZ ADRIAN', 'OPERADOR DE MAQUINAS DE CORTE'),
('14128', 'ALVAREZ PRECIADO WENDY', 'Operador de Produccion'),
('14129', 'CASTILLO CORELLA MARIA LUISA', 'Operador de Produccion'),
('14130', 'ROMERO SALAS AYLIN GUADALUPE', 'Operador de Produccion'),
('14131', 'VALENZUELA VEGA HILDA HERMINIA', 'Operador de Produccion'),
('14132', 'IBARRA CAMACHO MARTHA DE JESUS', 'Operador de Produccion'),
('14133', 'APODACA APODACA JONATHAN MOISES', 'Manejador de Materiales'),
('14134', 'RODRIGUEZ ROMERO FRANCISCO JAVIER', 'Operador de Produccion'),
('14135', 'COTA FUENTES ESTRELLA MARISOL', 'Operador de Produccion'),
('14136', 'BORBON GASTELUM PERLA MICHELLE', 'Operador de Produccion'),
('14138', 'RODRIGUEZ PEÑUELAS LOAMY JOSELYN', 'Operador de Produccion'),
('14140', 'HERRERA MARTINEZ YENIFER', 'Operador de Produccion'),
('14143', 'QUINTERO VALENZUELA TANIA GUADALUPE', 'Operador de Produccion'),
('14144', 'GUIRADO ZAYAS KARLA NOEMI', 'Operador de Produccion'),
('14146', 'SERNA DURAN MARITZA ALEJANDRA', 'Operador de Produccion'),
('14147', 'ESCALANTE CALVO JUAN FRANCISCO', 'Tecnico Electronica'),
('14149', 'AMADOR CALDERON DAYANNA YULISSA', 'Operador de Produccion'),
('14150', 'MORALES SOTO STEPHANY ALONDRA', 'Operador de Produccion'),
('14152', 'GALAVIZ LEAL HUGO SANTIEL', 'Operador de Produccion'),
('14153', 'BARRERA RUBIO HIPOLITO', 'Operador de Produccion'),
('14154', 'LOPEZ ZAYAS ANGEL EDUARDO', 'Operador de Produccion'),
('14155', 'GARCIA CORTES MARCO ANTONIO', 'Tecnico Electronica'),
('14158', 'RUIZ PARRA KEVIN ANDRES', 'Operador de Produccion'),
('14161', 'ESPINOZA POLANCO JOHNNY', 'OPERADOR DE MAQUINAS DE CORTE'),
('14164', 'MENDIVIL LOPEZ JESUS INES', 'Operador de Produccion'),
('14165', 'ORTIZ SALAZAR ILDA', 'Conserje'),
('14168', 'PLASENCIA LOERA ILEANA GUADALUPE', 'Operador de Produccion'),
('14169', 'CRISTERNA LOPEZ ROBERTO CARLOS', 'Operador de Produccion'),
('14170', 'CORONADO ROBLES ANDRES JULIAN', 'Operador de Produccion'),
('14173', 'HERNANDEZ SANCHEZ LUIS ANGEL', 'Operador de Produccion'),
('14176', 'HERNANDEZ VILLA GABRIELA', 'Operador de Produccion'),
('14177', 'AVILA GAXIOLA THANYA CONSUELO', 'Operador de Produccion'),
('14179', 'LOPEZ CASTRO VICKYED ADRIANA', 'Operador de Produccion'),
('14180', 'COTA CRUZ JONATHAN JUSHET', 'Operador de Produccion'),
('14181', 'MUÑOZ PALAFOX ADRIAN ALBERTO', 'Operador de Produccion'),
('14183', 'RODRIGUEZ BARRERAS YASMIN GUADALUPE', 'Operador de Produccion'),
('14184', 'ROJAS TRUJILLO LUZ MARIA', 'Operador de Produccion'),
('14185', 'OCHOA ROMERO IVAN ERNESTO', 'Ingeniero de Control de Calidad'),
('14186', 'AMADOR CRUZ VICTOR ALFONSO', 'MATERIALISTA'),
('14188', 'BENITEZ HERNANDEZ JUAN DE DIOS', 'Operador de Produccion'),
('14189', 'DUARTE ANDRADE ANGEL IVAN', 'Operador de Produccion'),
('14192', 'WILSON BARRON WILLIAM RAFAEL', 'Operador de Produccion'),
('14194', 'MORAN MORALES REMEDIOS', 'Operador de Produccion'),
('14195', 'ORTIZ SOMBRA KAREN LIZBETH', 'Operador de Produccion'),
('14197', 'PACHECO PORTILLO ALEJANDRA GUADALUP', 'Operador de Produccion'),
('14199', 'ACOSTA RAMOS KARLA VIVIANA', 'Operador de Produccion'),
('14200', 'PALOMARES LEYVA WENDY ELIZABETH', 'Operador de Produccion'),
('14202', 'LUNA PEREZ LIZBETH', 'Operador de Produccion'),
('14203', 'GARCIA GONZALEZ ROCIO', 'Operador de Produccion'),
('14205', 'IRIQUI ZAVALA JESUS GABRIEL', 'Operador de Produccion'),
('14207', 'ESTRADA MORALES SAYN ALEJANDRO', 'Operador de Produccion'),
('14209', 'LOPEZ SANCHEZ MARIANA', 'Operador de Produccion'),
('14210', 'VIZCARRA GONZALEZ MARIA LAURA', 'Operador de Produccion'),
('14211', 'MUÑOZ ANDRADE EMILIE NOELYA', 'Operador de Produccion'),
('14212', 'RAMIREZ QUEZADA JENNIFER SUSETH', 'Operador de Produccion'),
('14213', 'RODRIGUEZ VILLANUEVA MARIA YESSICA', 'Operador de Produccion'),
('14214', 'HUISAR GALVAN WENDY SOLEDAD', 'Operador de Produccion'),
('14215', 'COTA SOTO BLANCA AZUCENA', 'Operador de Produccion'),
('14217', 'MOLINA VILLAGRANA YARITZA GUADALUPE', 'Operador de Produccion'),
('14219', 'ROMERO LAUREAN ALEXA SUNID', 'Operador de Produccion'),
('14221', 'SANTOS REYES WENDY NAHOMI', 'Operador de Produccion'),
('14225', 'DOMINGUEZ ESTRADA ROSALBA', 'Operador de Produccion'),
('14226', 'SANTOS RODRIGUEZ SERGIO FRANCISCO', 'Inspector de Control de Calidad'),
('14228', 'VEGA BERNAL JESSICA VICTORIA', 'Operador de Produccion'),
('14229', 'LOPEZ ARENAS ALMA LORENA', 'Operador de Produccion'),
('14230', 'LOPEZ COTA FABIOLA LIZETH', 'Operador de Produccion'),
('14231', 'ROMERO TORRES ESMERALDA YESENIA', 'Operador de Produccion'),
('14233', 'ORTEGA BUJANDA FERNANDO ANTONIO', 'Operador de Produccion'),
('14234', 'DIAZ GOMEZ BRYAN', 'Operador de Produccion'),
('14235', 'DIAZ REYES LUIS ANGEL', 'Operador de Produccion'),
('14237', 'PALMA MANZUR PAULINA', 'Operador de Produccion'),
('14238', 'REYES MARTINEZ ANGEL QUETZAL', 'Operador de Produccion'),
('14239', 'VEGA PEREZ YESICA', 'Operador de Produccion'),
('14240', 'MORENO TERAN JOSE FRANCISCO', 'Supervisor de Produccion'),
('14241', 'LOPEZ PEREZ RODOLFO', 'OPERADOR DE MAQUINAS DE CORTE'),
('14242', 'PARDO RIVAS MARIA DE JESUS', 'Operador de Produccion'),
('14243', 'RASCON VILLARREAL JESUS ANTONIO', 'Operador de Produccion'),
('14245', 'SEVILLA CAMPOS ANGELICA GUADALUPE', 'Operador de Produccion'),
('14246', 'ACOSTA VAZQUEZ NAYDELIN BRISEYDA', 'Operador de Produccion'),
('14247', 'MORALES PRADO JAIME', 'Operador de Produccion'),
('14248', 'CASTRO PEREYRA CRISTIAN ALEXIS', 'Operador de Produccion'),
('14252', 'GRACIA PALACIOS GABRIELA', 'Operador de Produccion'),
('14253', 'ALVARADO ALVAREZ JAKELIN SINAI', 'Operador de Produccion'),
('14258', 'MONTES SAÑUDO DANIEL ISAAC', 'Operador de Produccion'),
('14259', 'LEYVA VALDEZ JULIAN ANTONIO', 'Operador de Produccion'),
('14261', 'ACOSTA NAVARRETE ITZEL MERARY', 'Operador de Produccion'),
('14262', 'BALLESTEROS CRUZ PAOLA JAMILET', 'Operador de Produccion'),
('14264', 'DELGADO VARGAS CLAUDIA AZUCENA', 'Operador de Produccion'),
('14266', 'QUE PEREZ PAOLA', 'Operador de Produccion'),
('14267', 'GONZALEZ RIVAS LITANIA', 'Operador de Produccion'),
('14268', 'TORRES YESCAS MANUEL IGNACIO', 'Jefe de Grupo'),
('14269', 'CASTRO GUAYDACAN GLENDA JACQUELINE', 'Operador de Produccion'),
('14270', 'RODRIGUEZ GARCIA JESYEL ANDREA', 'Tecnico En Ingenieria'),
('14271', 'DUARTE PIÑA EVELYN DANAED', 'Operador de Produccion'),
('14272', 'MENDOZA PEÑUÑURI ELENIRA DIAMANDI', 'Operador de Produccion'),
('14277', 'MOLINA CHAVEZ YESENIA NAHYELI', 'Operador de Produccion'),
('14278', 'VAZQUEZ CHAVEZ MARIA GUADALUPE', 'Operador de Produccion'),
('14279', 'SOLIS ESPINOZA BRIANDA LIZETH', 'Operador de Produccion'),
('14280', 'CASTRO DOMINGUEZ DANIEL', 'Operador de Produccion'),
('14281', 'OCHOA GARCIA NALLELY BEATRIZ', 'Operador de Produccion'),
('14282', 'DUARTE RAMOS MONICA ISABEL', 'Inspector de Control de Calidad'),
('14284', 'CALVILLO GRANILLO ANGELICA GUADALUP', 'Operador de Produccion'),
('14285', 'GALVAN GOMEZ KARLA MARIA', 'Operador de Produccion'),
('14286', 'MAGDALENO MONREAL BERENICE VIRIDIAN', 'Operador de Produccion'),
('14289', 'LOPEZ ACOSTA DAYANA MILAGROS', 'TECNICO DE MANUFACTURA'),
('14290', 'SORIANO LOPEZ RICARDO', 'Operador de Produccion'),
('14291', 'BUITIMEA BUITIMEA NOE', 'Operador de Produccion'),
('14292', 'RUIZ BUITIMEA AILEEN LUCERO', 'Operador de Produccion'),
('14295', 'HERNANDEZ BENITEZ CARLOS FRANCISCO', 'Operador de Produccion'),
('14298', 'ROSAS MACHADO JORGE RAFAEL', 'Operador de Produccion'),
('14299', 'LOPEZ VILLA JOVAN GREGORIO', 'Operador de Produccion'),
('14300', 'MAGAÑA LUNA DIANA ANAHI', 'Operador de Produccion'),
('14302', 'ARMENTA VILLEGAS JENNIFER ALEJANDRA', 'Operador de Produccion'),
('14306', 'MORENO ARMENTA RICARDO GUADALUPE', 'Operador de Produccion'),
('14307', 'RODRIGUEZ BADILLA CARLOS ALBERTO', 'Operador de Produccion'),
('14308', 'BORQUEZ BOJORQUEZ ARIANNA KARIME', 'Operador de Produccion'),
('14309', 'MARTINEZ LIRA MARIA JOSE', 'Operador de Produccion'),
('14310', 'MELENDRES BERNAL JOSSELIN GUADALUPE', 'Operador de Produccion'),
('14311', 'CRUZ GUZMAN DIOSELINE', 'Operador de Produccion'),
('14312', 'MORA VALENZUELA JOSE ASSAHEL', 'MATERIALISTA'),
('14315', 'DIAZ ELIZALDE BRAYAN FERMIN', 'Supervisor de Produccion'),
('14316', 'ROSAS ROMERO RAMON HUMBERTO', 'OPERADOR DE MAQUINAS DE CORTE'),
('14317', 'SAUCEDA PEREZ MARTIN', 'MATERIALISTA'),
('14318', 'ALVAREZ ROBLES MANUEL ALBERTO', 'MATERIALISTA'),
('14319', 'VERDUGO OSORIO IRENE', 'Tecnico En Ingenieria'),
('14320', 'ROMERO GARCIA JOEL ALEJANDRO', 'Operador de Produccion'),
('14321', 'AQUI VALENZUELA KAREN YULENY', 'Inspector de Control de Calidad'),
('14323', 'VEGA ALVAREZ BRENDA RAMONA', 'Operador de Produccion'),
('14324', 'PEREZ ZAMORA ABRAHAM ISAAC', 'Operador de Produccion'),
('14326', 'CARDENAS PARRA BLANCA PAULINA', 'Operador de Produccion'),
('14327', 'GONZALEZ VEJAR PALOMA YALVANI', 'Operador de Produccion'),
('14328', 'GARCIA ANGUAMEA JORGE ALBERTO', 'Operador de Produccion'),
('14329', 'VALENZUELA SANCHEZ JESUS FRANCISCO', 'Operador de Produccion'),
('14330', 'LOPEZ ARRAYALES JESUS MANUEL', 'MATERIALISTA'),
('14331', 'GARCIA RUSSO LUIS GIOVANNY', 'Operador de Produccion'),
('14332', 'ANDRADE LOPEZ JESUS JAVIER', 'OPERADOR DE MAQUINAS DE CORTE'),
('14334', 'LOPEZ OROZCO CINTHIA RUBI', 'Operador de Produccion'),
('14336', 'CARBAJAL GURROLA KARLA PAOLA', 'Operador de Produccion'),
('14338', 'CASTILLO LORETO JUAN ALBERTO', 'Ingeniero de Producto'),
('14339', 'MORAN PEREZ DANIEL OSVALDO', 'Supervisor de Produccion'),
('14340', 'LOPEZ MEDINA AZUL BERENICE', 'Operador de Produccion'),
('14343', 'ORONIA DE LA ROSA AYLIN VIRIDIANA', 'Operador de Produccion'),
('14344', 'RUIZ URENDA FELICITAS MICHELLE', 'Operador de Produccion'),
('14348', 'BUSTILLOS LUGO AGLAE JUANITA', 'Operador de Produccion'),
('14349', 'ACOSTA TORRES BRENDA SUGEY', 'Operador de Produccion'),
('14350', 'MIRANDA VALDEZ MARIA GUADALUPE', 'Operador de Produccion'),
('14351', 'TOLENTINO SANCHEZ HALY SUSANA', 'Operador de Produccion'),
('14353', 'SOQUI MENDIVIL LIDIA ARISBETH', 'Operador de Produccion'),
('14354', 'MENDEZ MOLINA JOSE RICARDO', 'Operador de Produccion'),
('14355', 'GONZALEZ QUIJADA RODOLFO ALEJANDRO', 'MATERIALISTA'),
('14356', 'DURAN ROMERO KARLA DANIELA', 'Operador de Produccion'),
('14357', 'YOCUPICIO FLORES PEDRO ANTONIO', 'Inspector de Control de Calidad'),
('14358', 'RIOS RIVERA OSCAR JESUS', 'Manejador de Materiales'),
('14359', 'CHAVEZ MONTES TOMASA', 'Operador de Produccion'),
('14360', 'SOTO BAUTISTA AARON ALBERTO', 'Operador de Produccion'),
('14361', 'VALENCIA VASQUEZ ANA PATRICIA', 'Operador de Produccion'),
('1524', 'COTA MILLAN CESAR DE JESUS', 'Jefe de Grupo'),
('1813', 'VALENZUELA  BRIS ELENA', 'Operador de Produccion'),
('1946', 'ROMERO YOCUPICIO BENJAMIN', 'Manejador de Materiales'),
('2249', 'RAMOS MOLINA SERGIO RICARDO', 'Supervisor de Produccion'),
('2320', 'HUGUES VALENZUELA HECTOR CARLOS', 'Ingeniero de Proyectos'),
('2353', 'COTA MILLAN LIVY GEOVANA', 'Manejador de Materiales'),
('2402', 'DUARTE RIVERA MARTIN ARMANDO', 'Ingeniero de Manufactura'),
('2440', 'LOPEZ OCHOA JANETH BERENICE', 'Operador Multifuncional  B'),
('2606', 'VIZCARRA PADILLA JESUS DANIEL', 'Supervisor de Almacen'),
('2607', 'CARRILLO ISLAS EULALIA', 'Operador de Produccion'),
('2653', 'GARCIA ORTIZ MARIA CRISTINA', 'Operador de Produccion'),
('2795', 'MOROYOQUI GARCIA HECTOR HUMBERTO', 'Operador de Produccion'),
('2799', 'LOPEZ BOJORQUEZ MARIA SUSANA', 'Operador de Produccion'),
('2969', 'GONZALEZ ARMENTA JULIO FERNANDO', 'Operador de Produccion'),
('3094', 'ARAGON ACOSTA RAMON ALBERTO', 'Supervisor de Produccion'),
('3261', 'YOCUPICIO ANGUAMEA FLORENCIA', 'Operador de Produccion'),
('3691', 'ORTIZ RODRIGUEZ BERTHA GUADALUPE', 'Recepcionista / Asistente administrativo'),
('3873', 'BARRON VILLARREAL JUANA', 'Auditor de QC'),
('4024', 'MEDINA RAMIREZ MARIANA', 'Inspector de Control de Calidad'),
('4072', 'MEJIA DELGADO ISIDORO', 'Operador de Produccion'),
('4344', 'LUQUE ANGULO NESTORITA', 'Operador de Produccion'),
('4377', 'ALAMEA LEYVA GUADALUPE ROSARIO', 'Operador de Produccion'),
('4385', 'RAMOS MIRANDA MARTHA CECILIA', 'Operador de Produccion'),
('4499', 'GONZALEZ TERAN MARIA LUISA', 'Operador de Produccion'),
('4517', 'RAMOS ALVAREZ GUADALUPE', 'Inspector de Control de Calidad'),
('4519', 'CORONADO LOPEZ JUAN CARLOS', 'Tecnico de NPI'),
('4543', 'DURAN HERNANDEZ IRAZEMA', 'Comprador'),
('4581', 'HERNANDEZ MALDONADO JOSE ARMANDO', 'Supervisor de Produccion'),
('4602', 'SIQUEIROS AYALA ABIUD NEFTALI', 'Administrador de MIS'),
('4658', 'PARRA RENTERIA YESENIA', 'Tecnico de Calidad'),
('4661', 'JAUREGUI ARAGON ZAHIT', 'Auxiliar de Mantenimiento'),
('4695', 'GAXIOLA FAVELA GUADALUPE', 'Operador de Produccion'),
('4709', 'PRADO GONZALEZ ALMA NOHEMI', 'Operador de Produccion'),
('4710', 'MACIAS RIVAS ARACELI', 'Operador de Produccion'),
('4730', 'FUENTES BABUCA ANA LUZ', 'Jefe de Grupo'),
('4752', 'BERMUDEZ ESPEJO ROSA MARIA', 'Asistente de Recursos Humanos'),
('4769', 'DUMER IBARRA ARNULFO', 'Clerk de Recibo de Embarques'),
('4779', 'AGRAMON VERDUZCO OSCAR ALEJANDRO', 'Guardia de Seguridad'),
('4784', 'GUTIERREZ  JOSE', 'Supervisor de Almacen'),
('481', 'ORTEGA VILLANUEVA JOSE LUIS', 'Gerente de Produccion'),
('4825', 'CUEN SANCHEZ ANA GUADALUPE', 'Jefe de Grupo'),
('4854', 'CHAVEZ NARANJO VIRIDIANA', 'MATERIALISTA'),
('4913', 'FERNANDEZ PEREZ MA. IGNACIA', 'Auditor de QC'),
('4923', 'MARTINEZ HERNANDEZ JOSE ANGEL', 'Operador de Produccion'),
('4947', 'CRUZ LABORIN ELIANA', 'Operador de Produccion'),
('4951', 'VELARDE CEJA LOURDES', 'Operador de Produccion'),
('4976', 'HERNANDEZ GONZALEZ FABIOLA ALEJANDR', 'Inspector de Control de Calidad'),
('4982', 'LOPEZ LOPEZ MARITZA MADAI', 'Operador de Produccion'),
('4985', 'PACHECO ONTIVEROS JOSE REFUGIO', 'Operador de Produccion'),
('5039', 'ROBLES SANTOS JUDITH GUADALUPE', 'Supervisor de compras'),
('5046', 'PAYAN BARCELO HUMBERTO SILVANO', 'Planer/Programador de produccion'),
('5105', 'CANO TALAMANTE GABRIEL', 'Tecnico Electronica'),
('5121', 'NUÑEZ  CLAUDIA CLARISA', 'Operador de Produccion'),
('5124', 'REYNA PRADO JOSE JAVIER', 'Manejador de Materiales'),
('5138', 'MARQUEZ NAVARRO BRENDA ELENA', 'Operador de Produccion'),
('5174', 'ABRIL MORENO CLAUDIA LIZETH', 'OPERADOR DE MAQUINAS DE CORTE'),
('5194', 'ACOSTA POLANCO MARIA JESUS', 'Operador de Produccion'),
('5213', 'CARDENAS CARRIZOZA LLUVIA LILIANA', 'Operador de Produccion'),
('5230', 'CAMPA SANCHEZ TOMAS', 'OPERADOR DE MAQUINAS DE CORTE'),
('5286', 'GARCIA LOPEZ LEONEL', 'Operador de Produccion'),
('5297', 'LAGARDA LASTRA JOSE EMEDEL', 'Supervisor de Produccion'),
('5298', 'MEDEL MOSQUEDA LUIS ALBERTO', 'Jefe de Grupo'),
('5320', 'URIAS GRANADOS EMMANUEL SMIN', 'Operador de Produccion'),
('5386', 'NUBES RUVALCABA ARIATNA PATRICIA', 'Tecnico de Calidad'),
('5389', 'LEDEZMA CASTILLO GEMA ANGELICA', 'Operador de Produccion'),
('5406', 'LOPEZ YEPIZ TEODORA', 'Tecnico de NPI'),
('5417', 'ALDUCIN MORALES ANGELICA YANETH', 'Jefe de Grupo'),
('5426', 'GUTIERREZ VEGA ISMAEL IVAN', 'Supervisor de Produccion'),
('5434', 'RANGEL COTERA JESUS ANTONIO', 'Operador de Produccion'),
('5444', 'GARCIA PEÑA MARCO ANTONIO', 'Jefe de Grupo'),
('5502', 'GARCIA CAREAGA ETSON', 'Gerente de Ingenieria'),
('5519', 'OJEDA QUESNEY FRANCISCO', 'Ingeniero de Proceso'),
('5522', 'MIRANDA VALDEZ JOSE LUIS', 'Ingeniero de Manufactura'),
('5526', 'GAMEZ PAREDES OSCAR MARTIN', 'Tecnico Electronica'),
('5536', 'LARA LOPEZ ARIEL', 'Tecnico Electronica'),
('5568', 'PALOMARES LEON BRAULIO', 'Tecnico Electronica'),
('5569', 'ROMERO CASTRO EDGAR NAHUM', 'Ingeniero  Jr.'),
('5579', 'VALENZUELA MENDOZA GABRIELA GUADALU', 'Ingeniero de Producto'),
('5613', 'GAXIOLA ROCHIN CECILIA', 'Operador de Produccion'),
('5619', 'AYALA FIGUEROA JOEL', 'Supervisor de Produccion'),
('5639', 'CAMACHO CRUZ DAVID', 'Jefe de Grupo'),
('5641', 'CONTRERAS INZUNZA HERMINIA', 'Operador de Produccion'),
('5668', 'TORRES BONILLA MAYRA ALEJANDRA', 'Jefe de Grupo'),
('5692', 'BUSTAMANTE AVILA VICTOR FERNANDO', 'Operador de Produccion'),
('5721', 'APODACA FLORES JOSE ARMANDO', 'Inspector de Control de Calidad'),
('5758', 'SANCHEZ ARMENTA ALMA PAOLA', 'Jefe de Grupo'),
('5767', 'HARO GONZALEZ ANGELINA ELENA', 'Supervisor de Produccion'),
('5799', 'AGUILAR CAMACHO MARIA DEL ROSARIO', 'Jefe de Grupo'),
('5804', 'BURBOA OXIMEA DIANEY GUADALUPE', 'Tecnico de Calidad'),
('5807', 'ROMERO BARBA ARON NICOLAS', 'Gerente de Mantenimiento'),
('5808', 'LOPEZ SALAZAR JOEL', 'Ingeniero de Producto'),
('5809', 'MORALES VALADEZ DANIEL', 'Superintendente Ingenieria'),
('5812', 'GASTELUM MOROYOQUI ALFONSO', 'Ingeniero de Producto'),
('5815', 'GARCIA PORRAS ANA LOURDES', 'Jefe de Grupo'),
('5838', 'SIERRA GUTIERREZ LUIS ALVARO', 'Operador de Produccion'),
('5839', 'MENDIVIL ARMENTA CRISTIAN ALEJANDRO', 'Tecnico de NPI'),
('5844', 'MARTINEZ SANCHEZ ALEXIA', 'Operador de Produccion'),
('5845', 'MARTINEZ SANCHEZ YOVANA', 'Operador de Produccion'),
('5860', 'MEDEL CORRALES GEOVANA ISABEL', 'Clerk de Almacen'),
('5881', 'CARPIO SANDOVAL MARIA GISELA', 'Operador de Produccion'),
('5887', 'BUELNA CORDOVA CARLOS ALBERTO', 'Superintendente de Aseguranza de Calidad'),
('5906', 'NEVAREZ MANDUJANO REYNA JACQUELINE', 'Operador de Produccion'),
('5922', 'ORTEGA CORRALES ANABELL', 'Jefe de Grupo'),
('5928', 'VILLELA VALDEZ VALERIA', 'Jefe de Grupo'),
('5940', 'PERAZA PEÑA ALEXIS RENEE', 'Operador - Entrenamiento'),
('5990', 'MENDOZA BALBASTRO DORA ELSA', 'Inspector de Control de Calidad'),
('6013', 'GARCIA PORRAS KAREN SOHITSA', 'Inspector de Control de Calidad'),
('6016', 'LUNA LEON ANDREA BERENICE', 'Operador de Produccion'),
('6106', 'GONZALEZ YESCAS BRENDA LIZBETH', 'Ing. Desarrollo de producto'),
('6107', 'HURTADO DURAZO JOB', 'Ingeniero de Producto'),
('6171', 'HERNANDEZ LOPEZ ZOILA LISETH', 'Operador de Produccion'),
('6205', 'CASTELLANOS AVALOS LAURA', 'Inspector de Control de Calidad'),
('6211', 'CASTELLANOS RUBIO MAYRA DALILA', 'Supervisor de Produccion'),
('6224', 'MEDINA VEGA SAMUEL ERNESTO', 'Operador de pruebas Electricas'),
('6227', 'QUIJADA ROMERO RUBEN ATAHUALPA', 'Supervisor de Produccion'),
('6245', 'VELAZQUEZ LEYVA ERIKA ROSITA', 'Operador de Produccion'),
('6247', 'LOPEZ LANDEROS KARINA JANETH', 'Tecnico de NPI'),
('6253', 'REVELES ZAPATA GUILLERMO', 'Gerente de Planeacion y Servicio al Cliente'),
('6290', 'MORALES COTA DAVID', 'Tecnico de Calidad'),
('6305', 'CASTRO ACOSTA BRIANDA VALERIA', 'Operador de Produccion'),
('6327', 'VELASQUEZ TAUTIMEZ EPIFANIO', 'Supervisor de Mantenimiento'),
('6423', 'BONILLAS VARGAS MIGUEL EDUARDO', 'Gerente de Recursos Humanos'),
('6453', 'RODRIGUEZ GUTIERREZ MARTHA IVONNE', 'Entrenador'),
('6460', 'QUEVEDO ORTEGA BRIAN ALONSO', 'Ingeniero de Manufactura'),
('6479', 'ACOSTA  MARIA BERNARDINA', 'Operador de Produccion'),
('6491', 'NUÑEZ SAPIEN EDGAR JESUS', 'OPERADOR DE MAQUINAS DE CORTE'),
('6524', 'MARTINEZ BEJARANO LUIS DAVID', 'OPERADOR DE MAQUINAS DE CORTE'),
('6539', 'CHAIDEZ AGUIRRE SANDRA LUZ', 'Operador de Produccion'),
('6541', 'ROMERO VEGA HERIBERTO', 'OPERADOR DE MAQUINAS DE CORTE'),
('6561', 'MECINAS CRUZ ISRAEL', 'Jefe de Grupo'),
('6569', 'MENDEZ GERMAN SERGIO', 'Auxiliar de Mantenimiento'),
('6579', 'ROMERO AVILA OSCAR GIOVANNI', 'Guardia de Seguridad'),
('6588', 'MARTINEZ GONZALEZ XOCHITL', 'Operador de Produccion'),
('6604', 'GARCIA VILLEGAS ROCIO BALVANEDA', 'Operador de Produccion'),
('6610', 'TREJO CHAVEZ HORTENSIA', 'Operador de Produccion'),
('6622', 'MARIN MONDRAGON GLORIA', 'Inspector de Control de Calidad'),
('6627', 'SOLORIO GURROLA THANIA GUADALUPE', 'Tecnico de NPI'),
('6670', 'WILSON MURILLO KARLA NATALY', 'Operador de Produccion'),
('6675', 'DE LA TORRE TORRES EDNA ESTEFANNY', 'Jefe de Grupo'),
('6679', 'ORONIA DE LA ROSA OTONIEL', 'Tecnico Electronica'),
('6694', 'OSELO BELTRAN EMILIO', 'Inspector de Control de Calidad'),
('6699', 'HAROS CORDERO JESUS YAZAHEL', 'Ingeniero  Jr.'),
('6710', 'VEGA VALENZUELA OMAR ALEJANDRO', 'Operador de Produccion'),
('6718', 'GARCIA VILLEGAS JOVANNA SARAHI', 'Clerk de Produccion'),
('6737', 'GALLARDO LOPEZ DANIEL', 'Supervisor de Produccion'),
('6802', 'BENITES CARVAJAL ADRIAN', 'OPERADOR DE MAQUINAS DE CORTE'),
('6805', 'ZAZUETA NORIEGA EFRAIN', 'Servicio al Cliente'),
('6807', 'RODRIGUEZ MORACHIS RICARDO HUMBERTO', 'Gerente de Planta'),
('6844', 'MEDINA ORTEGA EDWIN JESUS', 'TECNICO DE MANUFACTURA'),
('6877', 'MAGALLANES VALENZUELA YANELI JOSSEL', 'Manejador de Materiales'),
('6878', 'GUERRERO TOLANO JESUS ENRIQUE', 'Operador de Produccion'),
('6879', 'PAYAN BARCELO FRANCIA MARISELA', 'Operador de Produccion'),
('6897', 'MOLINA RAVELO GERMAN ARIEL', 'Supervisor de Produccion'),
('6914', 'MANZANAREZ JIMENEZ LETICIA', 'Operador de Produccion'),
('6919', 'GARCIA RAMOS ELEEANA', 'Operador de pruebas Electricas'),
('6931', 'LEYVA PACHECO FRANCISCO JAVIER', 'Superintendente de Produccion'),
('6932', 'AVALOS SOTO ABRAHAM EMMANUEL', 'Gerente de Operaciones'),
('6959', 'TRINIDAD PEREZ JUVENAL', 'Tecnico de Calidad'),
('696', 'RODRIGUEZ BOJORQUEZ RICARDO', 'Planer/Programador de produccion'),
('6962', 'ANGULO ROMERO VICTOR HUGO', 'OPERADOR DE MAQUINAS DE CORTE'),
('7003', 'HERNANDEZ QUINTERO YAZMIN MARISELA', 'Operador de Produccion'),
('7006', 'MORENO ROMERO JOSE FERNANDO', 'Auxiliar de Mantenimiento'),
('7054', 'GARCIA LOPEZ EDUARDO ARTURO', 'Tecnico de NPI'),
('7061', 'WILSON MURILLO BRUCE FELIZARDO', 'Jefe de Grupo'),
('7070', 'OCHOA GALAVIZ RAFAEL', 'Supervisor de Produccion'),
('7099', 'CAZARES PEREZ EDUARDO JAVIER', 'Servicio al Cliente'),
('7103', 'MENDIAZ VALDEZ NADIA ISABEL', 'Tecnico Electronica'),
('7138', 'LOPEZ GARCIA FRANCISCO ANTONIO', 'Tecnico Electronica'),
('7152', 'BURRUEL MARISCAL MARIA DEL SOCORRO', 'Ingeniero de Proceso'),
('7171', 'ABOYTES AGUILAR MARIA DEL CARMEN', 'Operador de Produccion'),
('7200', 'SANCHEZ PEREZ MIRELLA', 'Operador de Produccion'),
('7224', 'HULL LEON RAFAEL ANTONIO', 'Ingeniero Programador'),
('7226', 'HERNANDEZ VALENCIA LUIS FILIBERTO', 'Ingeniero de Manufactura'),
('7228', 'JIMENEZ VARGAS JESUS NABOR', 'OPERADOR DE MAQUINAS DE CORTE'),
('7229', 'JIMENEZ VARGAS JOSE JUAN', 'OPERADOR DE MAQUINAS DE CORTE'),
('7291', 'RENTERIA  RICARDO', 'Jefe de Grupo'),
('7295', 'GARCIA NUÑEZ GERARDO', 'Manejador de Materiales'),
('7325', 'VELAZQUEZ HERRERA CRISTEL RUBI', 'Asistente de Recursos Humanos'),
('7343', 'LOPEZ MONZON VICTOR ALFONSO', 'Manejador de Materiales'),
('7347', 'JUZAINO VALENZUELA ARNOLDO', 'Operador de Produccion'),
('7350', 'MEZA RAMIREZ CARLOS EDUARDO', 'Coordinador de Aduanas'),
('7351', 'CRUZ MIRANDA OLIVIA', 'Operador de Produccion'),
('7365', 'GONZALEZ VAZQUEZ SIRIA ISABEL', 'Operador de Produccion'),
('7393', 'RUIZ RUELAS RAMON ABDIEL', 'OPERADOR DE MAQUINAS DE CORTE'),
('7409', 'MOLINA GAXIOLA BERENICE', 'Operador de Produccion'),
('7429', 'YEPIZ GUTIERREZ CESAR OMAR', 'Ingeniero de Proceso'),
('7453', 'VILLARREAL LOPEZ OSCAR DANIEL', 'Jefe de Grupo'),
('7463', 'MOLLINEDO GARCIA MARCO ANTONIO', 'Supervisor de Produccion'),
('7543', 'PARRA ORNELAS ANA CECILIA', 'Inspector de Control de Calidad'),
('7551', 'MARTINEZ BENITEZ JESUS ALEJANDRO', 'Gerente de Control de Calidad'),
('7552', 'LEAL VALENCIA PERLA GUADALUPE', 'Jefe de Grupo'),
('7572', 'ALATORRE BARBEYTIA ICELA GUADALUPE', 'Operador de Produccion'),
('7691', 'SAMANIEGO BELTRAN REYNA CELIA', 'Operador de Produccion'),
('7693', 'VALENZUELA CORDOVA ALEJANDRO ARNULF', 'Ingeniero de Manufactura'),
('7698', 'ORTEGA CHENO JUAN CARLOS', 'Ingeniero  Jr.'),
('7765', 'CANTU RASCON ALEXA ANIRAK', 'Inspector de Control de Calidad'),
('7771', 'HERNANDEZ CASTRO DANIELA', 'Ingeniero  Jr.'),
('7792', 'GARCIA GONZALEZ LUIS ANTONIO', 'Coordinador de Seguridad e Higiene'),
('7801', 'YOCUPICIO MAGALLANES ROMAN GABINO', 'Supervisor de Produccion'),
('7806', 'OCHOA ORTIZ MARCO ANTONIO', 'Operador - Entrenamiento'),
('7816', 'SANCHEZ GASTELO JESUS RAMON', 'Operador de Produccion'),
('7819', 'LEYVA SAUCEDA GUILLERMO ALEXANDER', 'Ingeniero  Jr.'),
('7845', 'ENRIQUEZ GALINDO GREYSY', 'Operador de Produccion'),
('7871', 'MONTIEL SIERRAS EDNA MARLEM', 'Operador de Produccion'),
('7901', 'RIVERA POSADA MARIO ERNESTO', 'Ingeniero de Control de Calidad'),
('7902', 'LOPEZ RUBIO PEDRO OSVALDO', 'Tecnico Electromecanico'),
('7910', 'PERALTA BELTRAN EDGAR EDUARDO', 'Ingeniero de Manufactura'),
('7921', 'NIEBLAS PONCE BRENDA MARITZA', 'Comprador'),
('7936', 'VALDEZ NEYOY JOSE IGNACIO', 'Jefe de Grupo'),
('7949', 'REYES GODINEZ JOEL', 'Superintendente de Produccion'),
('7972', 'CRUZ VALENZUELA ISMAEL', 'Operador de Produccion'),
('7985', 'CANO GARCIA JULIO CESAR', 'Manejador de Materiales'),
('8068', 'ROSAS WALKER AMAIRANI', 'Operador de Produccion'),
('8074', 'QUINTERO PEÑA EDITH GUADALUPE', 'Inspector de Control de Calidad'),
('8082', 'OSUNA FLORES ANGEL ARMANDO', 'Supervisor de Embarque/Recibo'),
('8098', 'MARTINEZ VAZQUEZ ADRIAN MOISES', 'Auxiliar de Mantenimiento'),
('8144', 'ORTEGA VALENZUELA JOEL', 'OPERADOR DE MAQUINAS DE CORTE'),
('8156', 'SALAZAR ISLAS ANA LAURA', 'Supervisor de Almacen'),
('8270', 'MAICOMEA ROJAS NORMA LETICIA', 'Inspector de Control de Calidad'),
('8275', 'DOMINGUEZ CEBALLOS ARTURO', 'Ingeniero de Producto'),
('8276', 'CASTILLEJOS ROQUE HERIBERTO', 'Ingeniero de Proceso'),
('8313', 'DE LA CRUZ ANGEL MA. DE LOURDES', 'Operador de Produccion'),
('8321', 'GONZALEZ OTHON GERARDO', 'Tecnico de NPI'),
('8333', 'RODRIGUEZ AGUILAR MARIA DE LOS ANGE', 'OPERADOR DE MAQUINAS DE CORTE'),
('8350', 'ALCARAZ MENDOZA JORGE DANIEL', 'Inspector de Control de Calidad'),
('8366', 'VALENCIA MEJIA JOSE ALFONSO', 'Lider de Ingenieria'),
('8445', 'QUIÑONES LOZA MORAIMA', 'Jefe de Grupo'),
('8462', 'DELGADO CHAVEZ EDUARDO ANTONIO', 'Ingeniero  Jr.'),
('8492', 'GONZALEZ RIVERA FERNANDO JESUS', 'Ingeniero de Producto'),
('8494', 'VALENZUELA LEYVA MARIA ANTONIA', 'Operador de Produccion'),
('8509', 'LOPEZ CATZIN EDGAR ROMAN', 'Ingeniero de Control de Calidad'),
('8525', 'ARREDONDO ROMERO FERNANDO', 'Manejador de Materiales'),
('8540', 'VELARDE QUEZADA ALBERTO JAVIER', 'Operador de Produccion'),
('8566', 'LOPEZ ROMERO ROGELIO', 'Manejador de Materiales'),
('8567', 'ALONSO RAMIREZ MARIA ERICA', 'Jefe de Grupo'),
('8571', 'IBARRA ALTAMIRANO MICHAEL GUADALUPE', 'Jefe de Grupo'),
('8573', 'ARRIOLA DUARTE SANTIAGO HUMBERTO', 'OPERADOR DE MAQUINAS DE CORTE'),
('8584', 'SOTO SANTILLANES LOURDES LIZBETH', 'Inspector de Control de Calidad'),
('8585', 'ARAMBURO BURGOS BRAYANT ALBERTO', 'Tecnico En Ingenieria'),
('8587', 'MOROYOQUI ORTEGA JOCELYN EUNICE', 'Entrenador'),
('8592', 'LEYVA TAJIA JOSE RODRIGO', 'Tecnico Electronica'),
('8607', 'VILLEGAS NIEBLAS DAMARIS THALIA', 'Jefe de Grupo'),
('8622', 'FELIX DOMINGUEZ KEVIN FERNANDO', 'Operador - Entrenamiento'),
('8655', 'MUÑOZ ELIAS JULIO CESAR RAFAEL', 'Manejador de Materiales'),
('8678', 'CONTRERAS URETA MARIEL ESTEFANIA', 'ANALISTA DE ADUANA'),
('8686', 'AUZ QUIHUIS JOEL HUMBERTO', 'OPERADOR DE MAQUINAS DE CORTE'),
('8707', 'GARRAFA ZAZUETA MARIO GUADALUPE', 'Jefe de Grupo'),
('8730', 'CASILLAS ACOSTA ANDREA', 'Operador - Entrenamiento'),
('8732', 'VALDEZ ARMENTA GERARDO', 'Manejador de Materiales'),
('8749', 'ESPINOZA VALENZUELA CELIA ADILENE', 'Jefe de Grupo'),
('8758', 'ESCARREGA YOCUPICIO DANIEL ERNESTO', 'Operador de pruebas Electricas'),
('8759', 'ROJAS VASQUEZ MARIO ANTONIO', 'Ingeniero de Manufactura'),
('8767', 'VAZQUEZ ANDURO EDGAR MIGUEL', 'Supervisor de Almacen'),
('8783', 'ROCHA OCHOA JULIO ORLANDO', 'Tecnico de Calidad'),
('8805', 'FIGUEROA HIGUERA CARLOS ISRAEL', 'ANALISTA DE ADUANA'),
('8814', 'LUCERO MORALES NUBIA JANETH', 'Asistente de Recursos Humanos'),
('8822', 'VALENZUELA CRUZ BEATRIZ ELENA', 'Operador de Produccion'),
('8823', 'SAÑUDO COTA ALEXANDER', 'Manejador de Materiales'),
('8825', 'ACOSTA SAUCEDA JOSE CARLOS', 'Ingeniero de Producto'),
('8838', 'VILLA ORTIZ LILIANA YANETH', 'Inspector de Control de Calidad'),
('8861', 'VALENZUELA AGUIRRE SEBASTIAN ALEXIS', 'Operador - Entrenamiento'),
('8888', 'ORONIA DE LA ROSA TERESITA DE JESUS', 'Operador de Produccion'),
('8938', 'GARCIA ALVAREZ ISAAC', 'Operador de Produccion'),
('8991', 'GOMEZ MURILLO OLGA ALICIA', 'Conserje'),
('9015', 'AGUILAR ESPINOZA GERMAN EDUARDO', 'Jefe de Grupo'),
('9058', 'ONTIVEROS FIGUEROA MARIA GUADALUPE', 'Operador de Produccion'),
('9068', 'CRUZ ESQUER JOSE MANUEL', 'Jefe de Grupo'),
('9085', 'CADENA MIRANDA JORGE LUIS', 'Ingeniero de Control de Calidad'),
('9092', 'GUTIERREZ VILLEGAS MARGARITA', 'Inspector de Control de Calidad'),
('9096', 'GONZALEZ SOTO JESUS DAVID', 'Inspector de Control de Calidad'),
('9105', 'HERRERA QUIHUIS MARTIN NAZARIO', 'Ingeniero  Jr.'),
('9106', 'GAMBOA MELENDREZ LUCINA', 'Operador de Produccion'),
('9108', 'GASTELO GUITIMEA FREDY GERMAN', 'Operador de Produccion'),
('9129', 'LORETO REYES GRICELDA', 'Operador de Produccion'),
('9131', 'LOPEZ ORTIZ ALEJANDRO', 'Supervisor de Produccion'),
('9161', 'MAYTORENA ZEPEDA DIANA GUADALUPE', 'OPERADOR DE MAQUINAS DE CORTE'),
('9167', 'VALDEZ VILLA EDNA MARIA', 'OPERADOR DE MAQUINAS DE CORTE'),
('9186', 'SOTO RODRIGUEZ FAUSTINO', 'MATERIALISTA'),
('9189', 'MEZA TADEO JAVIER DAVID', 'Jefe de Grupo'),
('9195', 'RODRIGUEZ DORAME LUIS ALEXIS', 'Supervisor de Produccion'),
('9206', 'SOTO FLORES YESENIA SUJEY', 'Inspector de Control de Calidad'),
('9212', 'OCHOA ROMERO MARCOS ANTONIO', 'Operador de Produccion'),
('9239', 'VEGA VALENZUELA AURORA ANTONIA', 'Operador de Produccion'),
('9247', 'CASTRO VIZCAINO ROSA ELENA', 'Operador de Produccion'),
('9265', 'GASTELUM GUZMAN JESUS GUILLERMO', 'OPERADOR DE MAQUINAS DE CORTE'),
('9284', 'OCHOA ROMERO JESUS ANTONIO', 'Manejador de Materiales'),
('9294', 'RIOS MONTES DORA ICELA', 'Operador de Produccion'),
('9295', 'MONTERROSA RODRIGUEZ CARLOS EDUARDO', 'Operador de Produccion'),
('9296', 'VALENZUELA BUITIMEA MARIA DOLORES', 'Inspector de Control de Calidad'),
('9306', 'PEREZ MONTERO KARLA KARELIA', 'Operador de Produccion'),
('9309', 'LOPEZ MEDINA MARIA FERNANDA', 'Operador de Produccion'),
('9319', 'ARAUJO ARMENTA VERONICA', 'Jefe de Grupo'),
('9323', 'MAICOMEA MOROYOQUI TERESA DE JESUS', 'Operador de Produccion'),
('9340', 'PEREZ MENDIVIL GUADALUPE VIRIDIANA', 'Operador - Entrenamiento'),
('9345', 'VASQUEZ CUEVAS MARCOS URIEL', 'Operador de Produccion'),
('9347', 'URREA MORENO ALIX FERNANDO', 'Ingeniero de Manufactura'),
('9357', 'BUITIMEA AYALA LUZ MARTINA', 'Operador de Produccion'),
('9360', 'URIAS FELIX BENJAMIN', 'Operador de Produccion'),
('9365', 'RUELAS NEYOY CLARISA', 'Jefe de Grupo'),
('9392', 'NIEBLAS VALENZUELA ABELARDO', 'Operador de Produccion'),
('9398', 'LOPEZ OSUNA JORGE ANTONIO', 'Operador de Produccion'),
('9408', 'PEREZ MENDIVIL IVETT ARELY', 'Operador de Produccion'),
('9412', 'MESINAS MARTINEZ FRANCISCO JAVIER', 'Operador de Produccion'),
('9433', 'PARRA GALAVIZ GLADYS', 'Tecnico de Calidad'),
('9434', 'GARCIA RODRIGUEZ FERNANDO ADRIAN', 'Manejador de Materiales'),
('9438', 'GONZALEZ CEJA JESUS ANTONIO', 'Operador de Produccion'),
('9440', 'OZUNA LEON JESUS DANIEL', 'Operador de Produccion'),
('9450', 'HERMOSILLO ESCALANTE GERMAN', 'Ingeniero de Proceso'),
('9501', 'LOPEZ CASTILLO YULISA CRISTINA', 'Operador de Produccion'),
('9583', 'GONZALEZ CAMACHO PALMIRA ALEJANDRA', 'Tecnico de Calidad'),
('9610', 'COTA ESCARREGA LILIAN GISSELLE', 'Operador de Produccion'),
('9647', 'MADRID OSORIO FATIMA ZULEMA', 'Planer/Programador de produccion'),
('9649', 'ALAMEA ACOSTA LEONEL', 'Operador de Produccion'),
('9671', 'CELAYA COTA DAVID OBED', 'Ingeniero de Proceso'),
('9700', 'PEREZ MENDIVIL GLADYS MARIA', 'Operador de Produccion'),
('9701', 'PEIRO RODRIGUEZ MANUEL IGNACIO', 'Coordinador de Entrenamiento'),
('9737', 'CAMACHO MENDEZ ANA KARINA', 'Comprador'),
('9744', 'MONDACA CORRAL GREGORIA', 'Operador de Produccion'),
('9756', 'CASTRO PARRA LIZBETH ARIADNA', 'Operador de Produccion'),
('9757', 'ALAMEA YOCUPICIO MARIA VICTORIA', 'Tecnico de NPI'),
('9761', 'RAMON GUILLEN REYNA', 'Operador de Produccion'),
('9770', 'MOLINA MARTINEZ YADIRA ANTONIETA', 'Operador de Produccion'),
('9776', 'LEYVA URIAS EMMANUEL DE JESUS', 'Operador de Produccion'),
('9787', 'HUERTA MARTINES DANIEL GERARDO', 'OPERADOR DE MAQUINAS DE CORTE'),
('9808', 'BUITIMEA HERNANDEZ ELIZABETH', 'Supervisor de Produccion'),
('9817', 'QUIJADA CORONADO LEONARDO', 'Superintendente de Produccion'),
('9818', 'ANGULO JIMENEZ SANDRA JUDITH', 'Tecnico de NPI'),
('9819', 'PRECIADO ROMERO HERLINDA', 'Operador de Produccion'),
('9843', 'SANDOVAL MEDINA LUIS ALBERTO', 'Ingeniero  Jr.'),
('9846', 'LOPEZ LOPEZ ZILA SARAHI', 'Operador de Produccion'),
('9873', 'GALVAN ROCHA JONATHAN', 'Inspector de Control de Calidad'),
('9881', 'VERDUGO FLORES CRISVEL', 'Operador de Produccion'),
('9884', 'HIGUERA PALOMARES SONIA AZUCENA', 'Entrenador'),
('9888', 'LOPEZ RIOS AMERICA BERENICE', 'Operador de Produccion'),
('9937', 'NIEVES GARCIA JESUS ALEJANDRO', 'Operador de Produccion'),
('9942', 'LUCERO MORALES PRISCILLA IVETTE', 'Clerk de Almacen'),
('9950', 'MAYA MORALES ESMERALDA AZUCENA', 'Operador de Produccion'),
('9977', 'ARMENTA BUELNA FERNANDO ISIDRO', 'Operador de Produccion'),
('9979', 'SALAZAR ZENDEJAS CARLOS', 'Operador de Produccion');

-- --------------------------------------------------------

--
-- Estructura de tabla para la tabla `historial_vistas`
--

CREATE TABLE `historial_vistas` (
  `id` int(11) NOT NULL,
  `usuario_id` int(11) NOT NULL,
  `documento_id` int(11) NOT NULL,
  `fecha_vista` datetime DEFAULT current_timestamp()
) ENGINE=InnoDB DEFAULT CHARSET=utf8mb4 COLLATE=utf8mb4_general_ci;

--
-- Volcado de datos para la tabla `historial_vistas`
--

INSERT INTO `historial_vistas` (`id`, `usuario_id`, `documento_id`, `fecha_vista`) VALUES
(1, 13, 35, '2025-12-11 12:56:25'),
(2, 13, 35, '2025-12-11 12:56:53'),
(3, 3, 40, '2025-12-11 13:52:25'),
(4, 3, 40, '2025-12-11 13:55:55'),
(5, 3, 40, '2025-12-11 14:06:49'),
(6, 3, 45, '2025-12-11 14:52:26'),
(7, 3, 40, '2025-12-11 15:04:33'),
(9, 3, 46, '2025-12-12 12:42:02'),
(10, 3, 46, '2025-12-12 13:06:16'),
(11, 3, 48, '2025-12-15 12:46:12'),
(12, 3, 48, '2025-12-15 16:11:39'),
(13, 3, 46, '2025-12-15 16:11:42'),
(14, 3, 47, '2025-12-15 16:11:44'),
(15, 13, 48, '2025-12-18 07:04:41'),
(16, 3, 48, '2026-01-06 14:50:48'),
(17, 3, 46, '2026-01-06 14:50:51'),
(18, 3, 47, '2026-01-06 14:51:00'),
(19, 3, 48, '2026-01-09 12:43:54'),
(20, 3, 47, '2026-01-09 12:43:56'),
(21, 3, 50, '2026-01-09 12:44:14');

-- --------------------------------------------------------

--
-- Estructura de tabla para la tabla `reportes_calidad`
--

CREATE TABLE `reportes_calidad` (
  `id` int(11) NOT NULL,
  `usuario_id` int(11) NOT NULL,
  `titulo_de_reporte` varchar(100) DEFAULT NULL,
  `datos_json` longtext DEFAULT NULL,
  `fecha_creacion` datetime DEFAULT NULL,
  `ruta_pdf` varchar(255) DEFAULT NULL
) ENGINE=InnoDB DEFAULT CHARSET=utf8mb4 COLLATE=utf8mb4_general_ci;

--
-- Volcado de datos para la tabla `reportes_calidad`
--

INSERT INTO `reportes_calidad` (`id`, `usuario_id`, `titulo_de_reporte`, `datos_json`, `fecha_creacion`, `ruta_pdf`) VALUES
(25, 1, 'Checklist_Arranque', '{\"nombre_formato\":\"Checklist_Arranque\",\"nombre_auditor\":\"QUEVEDO ORTEGA JOSE GILBERTO\",\"usuario_id\":1,\"unidad\":\"fgdf\",\"coordinador\":\"bfbhh\",\"comentarios\":\"1111111\",\"inspeccion\":[{\"condicion\":\"1. Verificar que los empleados usen el equipo de seguridad apropiado.\",\"estado\":\"SI\",\"accion\":\"\"},{\"condicion\":\"2. Verificar que las herramientas y equipos esten dentro de la fecha de calibracion.\",\"estado\":\"SI\",\"accion\":\"\"},{\"condicion\":\"3. Verificar que tengan las ayudas visuales correctas.\",\"estado\":\"SI\",\"accion\":\"\"},{\"condicion\":\"4. Verificar que el material este debidamente identificado.\",\"estado\":\"SI\",\"accion\":\"\"},{\"condicion\":\"5. El área se encuentra limpia y ordenada, sin basura.\",\"estado\":\"SI\",\"accion\":\"\"},{\"condicion\":\"6. Verificar que el material no conformante haya sido retirado.\",\"estado\":\"SI\",\"accion\":\"\"},{\"condicion\":\"7. Verificar que la persona esté certificada (Soldadura, etc).\",\"estado\":\"SI\",\"accion\":\"\"},{\"condicion\":\"8. Verificar que las herramientas para remachar sean las indicadas.\",\"estado\":\"SI\",\"accion\":\"\"}]}', '2026-01-14 20:37:01', NULL),
(26, 1, 'Checklist_Arranque', '{\"nombre_formato\":\"Checklist_Arranque\",\"nombre_auditor\":\"QUEVEDO ORTEGA JOSE GILBERTO\",\"usuario_id\":1,\"unidad\":\"mx-342\",\"coordinador\":\"Luis Ortiz \",\"comentarios\":\"\",\"inspeccion\":[{\"condicion\":\"1. Verificar que los empleados usen el equipo de seguridad apropiado.\",\"estado\":\"SI\",\"accion\":\"\"},{\"condicion\":\"2. Verificar que las herramientas y equipos esten dentro de la fecha de calibracion.\",\"estado\":\"SI\",\"accion\":\"\"},{\"condicion\":\"3. Verificar que tengan las ayudas visuales correctas.\",\"estado\":\"SI\",\"accion\":\"\"},{\"condicion\":\"4. Verificar que el material este debidamente identificado.\",\"estado\":\"SI\",\"accion\":\"\"},{\"condicion\":\"5. El área se encuentra limpia y ordenada, sin basura.\",\"estado\":\"NO\",\"accion\":\"hay basura en el área\\n\"},{\"condicion\":\"6. Verificar que el material no conformante haya sido retirado.\",\"estado\":\"SI\",\"accion\":\"\"},{\"condicion\":\"7. Verificar que la persona esté certificada (Soldadura, etc).\",\"estado\":\"SI\",\"accion\":\"\"},{\"condicion\":\"8. Verificar que las herramientas para remachar sean las indicadas.\",\"estado\":\"SI\",\"accion\":\"\"}]}', '2026-01-14 23:27:50', NULL);

-- --------------------------------------------------------

--
-- Estructura de tabla para la tabla `reportes_errores`
--

CREATE TABLE `reportes_errores` (
  `id` int(11) NOT NULL,
  `documento_id` int(11) NOT NULL,
  `usuario_reporto_id` int(11) NOT NULL,
  `mensaje` text NOT NULL,
  `estado` enum('Pendiente','Resuelto') DEFAULT 'Pendiente',
  `fecha_reporte` datetime DEFAULT current_timestamp(),
  `fecha_solucion` datetime DEFAULT NULL
) ENGINE=InnoDB DEFAULT CHARSET=utf8mb4 COLLATE=utf8mb4_general_ci;

-- --------------------------------------------------------

--
-- Estructura de tabla para la tabla `resumen_calidad`
--

CREATE TABLE `resumen_calidad` (
  `id` int(11) NOT NULL,
  `fecha` datetime NOT NULL,
  `formato` varchar(50) NOT NULL,
  `inspector` varchar(100) NOT NULL,
  `unidad` varchar(50) DEFAULT NULL,
  `resultado` varchar(20) NOT NULL,
  `archivo_csv` varchar(255) NOT NULL
) ENGINE=InnoDB DEFAULT CHARSET=utf8mb4 COLLATE=utf8mb4_general_ci;

--
-- Volcado de datos para la tabla `resumen_calidad`
--

INSERT INTO `resumen_calidad` (`id`, `fecha`, `formato`, `inspector`, `unidad`, `resultado`, `archivo_csv`) VALUES
(8, '2026-01-14 12:37:01', 'Checklist_Arranque', 'QUEVEDO ORTEGA JOSE GILBERTO', NULL, 'APROBADO', '2026-01-14_20-37-01.csv'),
(9, '2026-01-14 15:27:50', 'Checklist_Arranque', 'QUEVEDO ORTEGA JOSE GILBERTO', NULL, 'RECHAZADO', '2026-01-14_23-27-50.csv');

-- --------------------------------------------------------

--
-- Estructura de tabla para la tabla `tablet_accesos`
--

CREATE TABLE `tablet_accesos` (
  `id` int(11) NOT NULL,
  `numero_empleado` varchar(20) NOT NULL,
  `pin` varchar(4) NOT NULL,
  `activo` tinyint(1) DEFAULT 1,
  `fecha_registro` datetime DEFAULT current_timestamp()
) ENGINE=InnoDB DEFAULT CHARSET=utf8mb4 COLLATE=utf8mb4_general_ci;

--
-- Volcado de datos para la tabla `tablet_accesos`
--

INSERT INTO `tablet_accesos` (`id`, `numero_empleado`, `pin`, `activo`, `fecha_registro`) VALUES
(1, '11619', '1670', 1, '2025-12-12 12:31:22'),
(2, '10325', '1712', 1, '2025-12-15 14:44:20'),
(3, '6460', '6460', 1, '2025-12-16 14:39:35');

-- --------------------------------------------------------

--
-- Estructura de tabla para la tabla `usuarios`
--

CREATE TABLE `usuarios` (
  `id` int(11) NOT NULL,
  `nombre_completo` varchar(100) NOT NULL,
  `email` varchar(100) NOT NULL,
  `password` varchar(255) NOT NULL,
  `rol` enum('Admin','Calidad','Operador','Tecnico') DEFAULT NULL,
  `activo` tinyint(1) DEFAULT 1,
  `fecha_registro` timestamp NOT NULL DEFAULT current_timestamp()
) ENGINE=InnoDB DEFAULT CHARSET=utf8mb4 COLLATE=utf8mb4_general_ci;

--
-- Volcado de datos para la tabla `usuarios`
--

INSERT INTO `usuarios` (`id`, `nombre_completo`, `email`, `password`, `rol`, `activo`, `fecha_registro`) VALUES
(3, 'Gilberto Quevedo', 'admin@test.com', '$2y$10$NtBzFzQ4ya68ZKdmepcyy.nAMtafpOGEeQ9nid1QPHCeYR.3PO56u', 'Admin', 1, '2025-12-10 15:04:58'),
(12, 'Neftali Siqueiros', 'nsiqueiros@ica-mexico.com', '$2y$10$27SUUPNMhniCDm3KD3ANsu40A6i9kvku/aycSJEtNyZscm4K4j1Hm', 'Admin', 1, '2025-12-10 23:11:59'),
(13, 'pepito perez', 'test@gmail.com', '$2y$10$PPmy6T5P0vfHtFLJbhmJnOOH/JomzgC4RVDoyHmQ8QiGC67La5ifS', 'Tecnico', 1, '2025-12-11 19:29:26'),
(14, 'calidad perez', 'calidad@test.com', '$2y$10$lwBEE0TzI4eGnVFnJTZ30eG7IoHTeQYKJF2TVkMwHRZDeN4Kf83J2', 'Calidad', 1, '2025-12-11 21:30:54');

--
-- Índices para tablas volcadas
--

--
-- Indices de la tabla `categorias`
--
ALTER TABLE `categorias`
  ADD PRIMARY KEY (`id`),
  ADD UNIQUE KEY `nombre` (`nombre`);

--
-- Indices de la tabla `clientes`
--
ALTER TABLE `clientes`
  ADD PRIMARY KEY (`id`),
  ADD UNIQUE KEY `nombre` (`nombre`);

--
-- Indices de la tabla `documentos`
--
ALTER TABLE `documentos`
  ADD PRIMARY KEY (`id`),
  ADD KEY `fk_documento_usuario` (`usuario_subio_id`),
  ADD KEY `idx_busqueda` (`titulo`),
  ADD KEY `fk_doc_cliente` (`cliente_id`),
  ADD KEY `fk_doc_categoria` (`categoria_id`);

--
-- Indices de la tabla `empleados_maestra`
--
ALTER TABLE `empleados_maestra`
  ADD PRIMARY KEY (`numero_empleado`);

--
-- Indices de la tabla `historial_vistas`
--
ALTER TABLE `historial_vistas`
  ADD PRIMARY KEY (`id`),
  ADD KEY `usuario_id` (`usuario_id`),
  ADD KEY `documento_id` (`documento_id`);

--
-- Indices de la tabla `reportes_calidad`
--
ALTER TABLE `reportes_calidad`
  ADD PRIMARY KEY (`id`);

--
-- Indices de la tabla `reportes_errores`
--
ALTER TABLE `reportes_errores`
  ADD PRIMARY KEY (`id`),
  ADD KEY `documento_id` (`documento_id`),
  ADD KEY `usuario_reporto_id` (`usuario_reporto_id`);

--
-- Indices de la tabla `resumen_calidad`
--
ALTER TABLE `resumen_calidad`
  ADD PRIMARY KEY (`id`);

--
-- Indices de la tabla `tablet_accesos`
--
ALTER TABLE `tablet_accesos`
  ADD PRIMARY KEY (`id`),
  ADD KEY `numero_empleado` (`numero_empleado`);

--
-- Indices de la tabla `usuarios`
--
ALTER TABLE `usuarios`
  ADD PRIMARY KEY (`id`),
  ADD UNIQUE KEY `email` (`email`);

--
-- AUTO_INCREMENT de las tablas volcadas
--

--
-- AUTO_INCREMENT de la tabla `categorias`
--
ALTER TABLE `categorias`
  MODIFY `id` int(11) NOT NULL AUTO_INCREMENT, AUTO_INCREMENT=6;

--
-- AUTO_INCREMENT de la tabla `clientes`
--
ALTER TABLE `clientes`
  MODIFY `id` int(11) NOT NULL AUTO_INCREMENT, AUTO_INCREMENT=83;

--
-- AUTO_INCREMENT de la tabla `documentos`
--
ALTER TABLE `documentos`
  MODIFY `id` int(11) NOT NULL AUTO_INCREMENT, AUTO_INCREMENT=51;

--
-- AUTO_INCREMENT de la tabla `historial_vistas`
--
ALTER TABLE `historial_vistas`
  MODIFY `id` int(11) NOT NULL AUTO_INCREMENT, AUTO_INCREMENT=23;

--
-- AUTO_INCREMENT de la tabla `reportes_calidad`
--
ALTER TABLE `reportes_calidad`
  MODIFY `id` int(11) NOT NULL AUTO_INCREMENT, AUTO_INCREMENT=27;

--
-- AUTO_INCREMENT de la tabla `reportes_errores`
--
ALTER TABLE `reportes_errores`
  MODIFY `id` int(11) NOT NULL AUTO_INCREMENT, AUTO_INCREMENT=8;

--
-- AUTO_INCREMENT de la tabla `resumen_calidad`
--
ALTER TABLE `resumen_calidad`
  MODIFY `id` int(11) NOT NULL AUTO_INCREMENT, AUTO_INCREMENT=10;

--
-- AUTO_INCREMENT de la tabla `tablet_accesos`
--
ALTER TABLE `tablet_accesos`
  MODIFY `id` int(11) NOT NULL AUTO_INCREMENT, AUTO_INCREMENT=4;

--
-- AUTO_INCREMENT de la tabla `usuarios`
--
ALTER TABLE `usuarios`
  MODIFY `id` int(11) NOT NULL AUTO_INCREMENT, AUTO_INCREMENT=15;

--
-- Restricciones para tablas volcadas
--

--
-- Filtros para la tabla `documentos`
--
ALTER TABLE `documentos`
  ADD CONSTRAINT `fk_doc_categoria` FOREIGN KEY (`categoria_id`) REFERENCES `categorias` (`id`),
  ADD CONSTRAINT `fk_doc_cliente` FOREIGN KEY (`cliente_id`) REFERENCES `clientes` (`id`),
  ADD CONSTRAINT `fk_documento_usuario` FOREIGN KEY (`usuario_subio_id`) REFERENCES `usuarios` (`id`) ON DELETE SET NULL;

--
-- Filtros para la tabla `historial_vistas`
--
ALTER TABLE `historial_vistas`
  ADD CONSTRAINT `historial_vistas_ibfk_1` FOREIGN KEY (`usuario_id`) REFERENCES `usuarios` (`id`),
  ADD CONSTRAINT `historial_vistas_ibfk_2` FOREIGN KEY (`documento_id`) REFERENCES `documentos` (`id`) ON DELETE CASCADE;

--
-- Filtros para la tabla `reportes_errores`
--
ALTER TABLE `reportes_errores`
  ADD CONSTRAINT `reportes_errores_ibfk_1` FOREIGN KEY (`documento_id`) REFERENCES `documentos` (`id`) ON DELETE CASCADE,
  ADD CONSTRAINT `reportes_errores_ibfk_2` FOREIGN KEY (`usuario_reporto_id`) REFERENCES `usuarios` (`id`);

--
-- Filtros para la tabla `tablet_accesos`
--
ALTER TABLE `tablet_accesos`
  ADD CONSTRAINT `tablet_accesos_ibfk_1` FOREIGN KEY (`numero_empleado`) REFERENCES `empleados_maestra` (`numero_empleado`) ON DELETE CASCADE ON UPDATE CASCADE;
COMMIT;

/*!40101 SET CHARACTER_SET_CLIENT=@OLD_CHARACTER_SET_CLIENT */;
/*!40101 SET CHARACTER_SET_RESULTS=@OLD_CHARACTER_SET_RESULTS */;
/*!40101 SET COLLATION_CONNECTION=@OLD_COLLATION_CONNECTION */;
